accession	title	organism	host	country	collection_date	isolate	strain	segment	length	source_country	segment_count	all_accessions	repository	selection_role
PV290336.1	Influenza A virus (A/Pelecanus thagus/Peru/LIM-QUIM006/2023(H5N1)) segment 1 polymerase PB2 (PB2) gene, complete cds	Influenza A virus	Pelecanus thagus	Peru	10-Feb-2023	LIM-QUIM006	A/Pelecanus thagus/Peru/LIM-QUIM006/2023	1	2341	Peru	8	PV290336.1;PV290329.1;PV290330.1;PV290331.1;PV290332.1;PV290333.1;PV290334.1;PV290335.1	GenBank	regional_context
PP692239.1	Influenza A virus (A/Calidris alba/Lima/NEP_8/2023(H5N1)) segment 8 nuclear export protein (NEP) and nonstructural protein 1 (NS1) genes, complete cds	Influenza A virus	Calidris alba	Peru	2023-04-20	NEP_8	A/Calidris alba/Lima/NEP_8/2023	8	865	Peru	1	PP692239.1	GenBank	regional_context
PP692238.1	Influenza A virus (A/Calidris alba/Lima/M_7/2023(H5N1)) segment 7 matrix protein 1 (M1) and matrix protein 2 (M2) genes, partial cds	Influenza A virus	Calidris alba	Peru	2023-04-20	M_7	A/Calidris alba/Lima/M_7/2023	7	747	Peru	1	PP692238.1	GenBank	regional_context
PP692237.1	Influenza A virus (A/Calidris alba/Lima/NA_6/2023(H5N1)) segment 6 neuraminidase (NA) gene, complete cds	Influenza A virus	Calidris alba	Peru	2023-04-20	NA_6	A/Calidris alba/Lima/NA_6/2023	6	1458	Peru	1	PP692237.1	GenBank	regional_context
PP692236.1	Influenza A virus (A/Calidris alba/Lima/NP_5/2023(H5N1)) segment 5 nucleocapsid protein (NP) gene, complete cds	Influenza A virus	Calidris alba	Peru	2023-04-20	NP_5	A/Calidris alba/Lima/NP_5/2023	5	1565	Peru	1	PP692236.1	GenBank	regional_context
PP692235.1	Influenza A virus (A/Calidris alba/Lima/HA_4/2023(H5N1)) segment 4 hemagglutinin (HA) gene, complete cds	Influenza A virus	Calidris alba	Peru	2023-04-20	HA_4	A/Calidris alba/Lima/HA_4/2023	4	1757	Peru	1	PP692235.1	GenBank	regional_context
PP692234.1	Influenza A virus (A/Calidris alba/Lima/PA_3/2023(H5N1)) segment 3 polymerase PA (PA) and PA-X protein (PA-X) genes, complete cds	Influenza A virus	Calidris alba	Peru	2023-04-20	PA_3	A/Calidris alba/Lima/PA_3/2023	3	2263	Peru	1	PP692234.1	GenBank	regional_context
PP692233.1	Influenza A virus (A/Calidris alba/Lima/PB1_2/2023(H5N1)) segment 2 polymerase PB1 (PB1) gene, partial cds	Influenza A virus	Calidris alba	Peru	2023-04-20	PB1_2	A/Calidris alba/Lima/PB1_2/2023	2	1781	Peru	1	PP692233.1	GenBank	regional_context
PP692232.1	Influenza A virus (A/Calidris alba/Lima/PB2_1/2023(H5N1)) segment 1 polymerase PB2 (PB2) gene, complete cds	Influenza A virus	Calidris alba	Peru	2023-04-20	PB2_1	A/Calidris alba/Lima/PB2_1/2023	1	2322	Peru	1	PP692232.1	GenBank	regional_context
OQ565632.1	Influenza A virus (A/Pelecanus/Peru/VFAR-140/2022(H5N1)) segment 8 nuclear export protein (NEP) gene, partial cds; and nonstructural protein 1 (NS1) gene, complete cds	Influenza A virus	Pelecanus	Peru	Dec-2022	VFAR-140	A/Pelecanus/Peru/VFAR-140/2022	8	814	Peru	8	OQ565632.1;OQ565625.1;OQ565626.1;OQ565627.1;OQ565628.1;OQ565629.1;OQ565630.1;OQ565631.1	GenBank	regional_context
OR591763.1	Influenza A virus (A/Belcher gull/Peru/A267/2022(H5N1)) segment 1 polymerase PB2 (PB2) gene, complete cds	Influenza A virus	Belcher gull	Peru	Dec-2022	A267	A/Belcher gull/Peru/A267/2022	1	2280	Peru	6	OR591763.1;OR591551.1;OR591732.1;OR591735.1;OR591756.1;OR591760.1	GenBank	regional_context
OR591762.1	Influenza A virus (A/Peruvian booby/Peru/A296/2022(H5N1)) segment 1 polymerase PB2 (PB2) gene, complete cds	Influenza A virus	Peruvian booby	Peru	Dec-2022	A296	A/Peruvian booby/Peru/A296/2022	1	2341	Peru	5	OR591762.1;OR591731.1;OR591734.1;OR591755.1;OR591759.1	GenBank	regional_context
OR591761.1	Influenza A virus (A/Guanay cormorant/Peru/A275/2022(H5N1)) segment 1 polymerase PB2 (PB2) gene, complete cds	Influenza A virus	Guanay cormorant	Peru	Dec-2022	A275	A/Guanay cormorant/Peru/A275/2022	1	2314	Peru	5	OR591761.1;OR591730.1;OR591733.1;OR591754.1;OR591758.1	GenBank	regional_context
PQ325252.1	Influenza A virus (A/chicken/Cochabamba/39522/2023(H5N1)) segment 6 neuraminidase (NA) gene, complete cds	Influenza A virus	Gallus gallus	Bolivia	03-Mar-2023		A/chicken/Cochabamba/39522/2023	6	1458	Bolivia	1	PQ325252.1	GenBank	regional_context
PQ324966.1	Influenza A virus (A/chicken/Cochabamba/39391/2023(H5N1)) segment 6 neuraminidase (NA) gene, complete cds	Influenza A virus	Gallus gallus	Bolivia	02-Feb-2023		A/chicken/Cochabamba/39391/2023	6	1458	Bolivia	1	PQ324966.1	GenBank	regional_context
PQ318391.1	Influenza A virus (A/chicken/Cochabamba/39555/2023(H5N1)) segment 6 neuraminidase (NA) gene, complete cds	Influenza A virus	Gallus gallus	Bolivia	09-Mar-2023		A/chicken/Cochabamba/39555/2023	6	1458	Bolivia	1	PQ318391.1	GenBank	regional_context
PQ318387.1	Influenza A virus (A/chicken/Cochabamba/39539/2023(H5N1)) segment 6 neuraminidase (NA) gene, complete cds	Influenza A virus	Gallus gallus	Bolivia	03-Mar-2023		A/chicken/Cochabamba/39539/2023	6	1458	Bolivia	8	PQ318387.1;PQ310227.1;PQ313138.1;PQ313140.1;PQ313141.1;PQ313142.1;PQ313143.1;PQ313144.1	GenBank	regional_context
PQ318384.1	Influenza A virus (A/chicken/Potosi/39870/2023(H5N1)) segment 6 neuraminidase (NA) gene, complete cds	Influenza A virus	Gallus gallus	Bolivia	06-Jun-2023		A/chicken/Potosi/39870/2023	6	1458	Bolivia	8	PQ318384.1;PQ305733.1;PQ305734.1;PQ305735.1;PQ305736.1;PQ305737.1;PQ305738.1;PQ305739.1	GenBank	regional_context
PQ318385.1	Influenza A virus (A/chicken/Cochabamba/39581/2023(H5N1)) segment 6 neuraminidase (NA) gene, complete cds	Influenza A virus	Gallus gallus	Bolivia	13-May-2023		A/chicken/Cochabamba/39581/2023	6	1458	Bolivia	1	PQ318385.1	GenBank	regional_context
PQ318383.1	Influenza A virus (A/chicken/Cochabamba/39538/2023(H5N1)) segment 6 neuraminidase (NA) gene, complete cds	Influenza A virus	Gallus gallus	Bolivia	03-Mar-2023		A/chicken/Cochabamba/39538/2023	6	1458	Bolivia	1	PQ318383.1	GenBank	regional_context
PQ318380.1	Influenza A virus (A/chicken/Cochabamba/39476/2023(H5N1)) segment 6 neuraminidase (NA) gene, complete cds	Influenza A virus	Gallus gallus	Bolivia	18-Feb-2023		A/chicken/Cochabamba/39476/2023	6	1458	Bolivia	1	PQ318380.1	GenBank	regional_context
PQ318381.1	Influenza A virus (A/chicken/Cochabamba/39472/2023(H5N1)) segment 6 neuraminidase (NA) gene, complete cds	Influenza A virus	Gallus gallus	Bolivia	17-Feb-2023		A/chicken/Cochabamba/39472/2023	6	1458	Bolivia	1	PQ318381.1	GenBank	regional_context
PQ318379.1	Influenza A virus (A/chicken/Cochabamba/39521/2023(H5N1)) segment 6 neuraminidase (NA) gene, complete cds	Influenza A virus	Gallus gallus	Bolivia	03-Mar-2023		A/chicken/Cochabamba/39521/2023	6	1458	Bolivia	1	PQ318379.1	GenBank	regional_context
PQ318377.1	Influenza A virus (A/chicken/Cochabamba/39425/2023(H5N1)) segment 6 neuraminidase (NA) gene, complete cds	Influenza A virus	Gallus gallus	Bolivia	07-Feb-2023		A/chicken/Cochabamba/39425/2023	6	1458	Bolivia	1	PQ318377.1	GenBank	regional_context
PQ318376.1	Influenza A virus (A/chicken/Cochabamba/39507/2023(H5N1)) segment 6 neuraminidase (NA) gene, complete cds	Influenza A virus	Gallus gallus	Bolivia	01-Mar-2023		A/chicken/Cochabamba/39507/2023	6	1458	Bolivia	1	PQ318376.1	GenBank	regional_context
PQ318373.1	Influenza A virus (A/chicken/Cochabamba/39383/2023(H5N1)) segment 6 neuraminidase (NA) gene, complete cds	Influenza A virus	Gallus gallus	Bolivia	01-Feb-2023		A/chicken/Cochabamba/39383/2023	6	1458	Bolivia	1	PQ318373.1	GenBank	regional_context
PQ318372.1	Influenza A virus (A/chicken/Cochabamba/39404/2023(H5N1)) segment 6 neuraminidase (NA) gene, complete cds	Influenza A virus	Gallus gallus	Bolivia	03-Feb-2023		A/chicken/Cochabamba/39404/2023	6	1458	Bolivia	1	PQ318372.1	GenBank	regional_context
PQ318374.1	Influenza A virus (A/chicken/Cochabamba/39356/2023(H5N1)) segment 6 neuraminidase (NA) gene, complete cds	Influenza A virus	Gallus gallus	Bolivia	26-Jan-2023		A/chicken/Cochabamba/39356/2023	6	1458	Bolivia	1	PQ318374.1	GenBank	regional_context
OQ683502.1	Influenza A virus (A/wild duck/Colombia/Choco/3501/2022(H5N1)) segment 8 nuclear export protein (NEP) and nonstructural protein 1 (NS1) genes, complete cds	Influenza A virus	wild duck	Colombia	09-Oct-2022	Choco/3501	A/wild duck/Colombia/Choco/3501/2022	8	856	Colombia	8	OQ683502.1;OQ683495.1;OQ683496.1;OQ683497.1;OQ683498.1;OQ683499.1;OQ683500.1;OQ683501.1	GenBank	regional_context
OQ683494.1	Influenza A virus (A/chicken/Colombia/Magdalena/3503/2022(H5N1)) segment 8 nuclear export protein (NEP) and nonstructural protein 1 (NS1) genes, complete cds	Influenza A virus	chicken	Colombia	18-Nov-2022	Magdalena/3503	A/chicken/Colombia/Magdalena/3503/2022	8	890	Colombia	8	OQ683494.1;OQ683487.1;OQ683488.1;OQ683489.1;OQ683490.1;OQ683491.1;OQ683492.1;OQ683493.1	GenBank	regional_context
OQ683486.1	Influenza A virus (A/chicken/Colombia/Cordoba/3499/2022(H5N1)) segment 8 nuclear export protein (NEP) and nonstructural protein 1 (NS1) genes, complete cds	Influenza A virus	chicken	Colombia	26-Nov-2022	Cordoba/3499	A/chicken/Colombia/Cordoba/3499/2022	8	890	Colombia	4	OQ683486.1;OQ683483.1;OQ683484.1;OQ683485.1	GenBank	regional_context
PP488349.1	Influenza A virus (A/South American tern/Argentina/CH-PD037/2023(H5N1)) segment 8 nuclear export protein (NEP) and nonstructural protein 1 (NS1) genes, complete cds	Influenza A virus	South American tern	Argentina	10-Oct-2023	CH-PD037	A/South American tern/Argentina/CH-PD037/2023	8	864	Argentina	8	PP488349.1;PP488342.1;PP488343.1;PP488344.1;PP488345.1;PP488346.1;PP488347.1;PP488348.1	GenBank	regional_context
PP488341.1	Influenza A virus (A/royal tern/Argentina/CH-PD036/2023(H5N1)) segment 8 nuclear export protein (NEP) and nonstructural protein 1 (NS1) genes, complete cds	Influenza A virus	Royal tern	Argentina	10-Oct-2023	CH-PD036	A/royal tern/Argentina/CH-PD036/2023	8	864	Argentina	8	PP488341.1;PP488334.1;PP488335.1;PP488336.1;PP488337.1;PP488338.1;PP488339.1;PP488340.1	GenBank	regional_context
PP488333.1	Influenza A virus (A/South American tern/Argentina/CH-PD030/2023(H5N1)) segment 8 nuclear export protein (NEP) and nonstructural protein 1 (NS1) genes, complete cds	Influenza A virus	South American tern	Argentina	10-Oct-2023	CH-PD030	A/South American tern/Argentina/CH-PD030/2023	8	864	Argentina	8	PP488333.1;PP488326.1;PP488327.1;PP488328.1;PP488329.1;PP488330.1;PP488331.1;PP488332.1	GenBank	regional_context
PP488325.1	Influenza A virus (A/southern elephant seal/Argentina/CH-PM053/2023(H5N1)) segment 8 nuclear export protein (NEP) and nonstructural protein 1 (NS1) genes, complete cds	Influenza A virus	Southern elephant seal	Argentina	01-Nov-2023	CH-PM053	A/southern elephant seal/Argentina/CH-PM053/2023	8	864	Argentina	8	PP488325.1;PP488318.1;PP488319.1;PP488320.1;PP488321.1;PP488322.1;PP488323.1;PP488324.1	GenBank	regional_context
PP488317.1	Influenza A virus (A/southern elephant seal/Argentina/CH-PD035/2023(H5N1)) segment 8 nuclear export protein (NEP) and nonstructural protein 1 (NS1) genes, complete cds	Influenza A virus	Southern elephant seal	Argentina	10-Oct-2023	CH-PD035	A/southern elephant seal/Argentina/CH-PD035/2023	8	864	Argentina	8	PP488317.1;PP488310.1;PP488311.1;PP488312.1;PP488313.1;PP488314.1;PP488315.1;PP488316.1	GenBank	regional_context
OR987128.1	Influenza A virus (A/South American tern/Argentina/RN-PB015/2023(H5N1)) segment 8 nuclear export protein (NEP) and nonstructural protein 1 (NS1) genes, complete cds	Influenza A virus	South American tern	Argentina	26-Aug-2023	RN-PB015	A/South American tern/Argentina/RN-PB015/2023	8	890	Argentina	8	OR987128.1;OR987121.1;OR987122.1;OR987123.1;OR987124.1;OR987125.1;OR987126.1;OR987127.1	GenBank	regional_context
OR987120.1	Influenza A virus (A/South American fur seal/Argentina/RN-PB019/2023(H5N1)) segment 8 nuclear export protein (NEP) and nonstructural protein 1 (NS1) genes, complete cds	Influenza A virus	South American fur seal	Argentina	26-Aug-2023	RN-PB019	A/South American fur seal/Argentina/RN-PB019/2023	8	890	Argentina	8	OR987120.1;OR987113.1;OR987114.1;OR987115.1;OR987116.1;OR987117.1;OR987118.1;OR987119.1	GenBank	regional_context
OR987112.1	Influenza A virus (A/South American sea lion/Argentina/RN-PB013/2023(H5N1)) segment 8 nuclear export protein (NEP) and nonstructural protein 1 (NS1) genes, complete cds	Influenza A virus	South American sea lion	Argentina	26-Aug-2023	RN-PB013	A/South American sea lion/Argentina/RN-PB013/2023	8	890	Argentina	8	OR987112.1;OR987105.1;OR987106.1;OR987107.1;OR987108.1;OR987109.1;OR987110.1;OR987111.1	GenBank	regional_context
OR987104.1	Influenza A virus (A/South American sea lion/Argentina/RN-PB011/2023(H5N1)) segment 8 nuclear export protein (NEP) and nonstructural protein 1 (NS1) genes, complete cds	Influenza A virus	South American sea lion	Argentina	26-Aug-2023	RN-PB011	A/South American sea lion/Argentina/RN-PB011/2023	8	890	Argentina	8	OR987104.1;OR987097.1;OR987098.1;OR987099.1;OR987100.1;OR987101.1;OR987102.1;OR987103.1	GenBank	regional_context
OR987096.1	Influenza A virus (A/South American sea lion/Argentina/RN-PB007/2023(H5N1)) segment 8 nuclear export protein (NEP) and nonstructural protein 1 (NS1) genes, complete cds	Influenza A virus	South American sea lion	Argentina	26-Aug-2023	RN-PB007	A/South American sea lion/Argentina/RN-PB007/2023	8	890	Argentina	8	OR987096.1;OR987089.1;OR987090.1;OR987091.1;OR987092.1;OR987093.1;OR987094.1;OR987095.1	GenBank	regional_context
OR987088.1	Influenza A virus (A/South American sea lion/Argentina/RN-PB004/2023(H5N1)) segment 8 nuclear export protein (NEP) and nonstructural protein 1 (NS1) genes, complete cds	Influenza A virus	South American sea lion	Argentina	26-Aug-2023	RN-PB004	A/South American sea lion/Argentina/RN-PB004/2023	8	890	Argentina	8	OR987088.1;OR987081.1;OR987082.1;OR987083.1;OR987084.1;OR987085.1;OR987086.1;OR987087.1	GenBank	regional_context
PQ002153.1	Influenza A virus (A/Southern elephant seal/Peninsula Valdes/PA_CH-PD032_rectal/2023(H5N1)) segment 3 polymerase PA (PA) and PA-X protein (PA-X) genes, complete cds	Influenza A virus	Southern elephant seal	Argentina	10-Oct-2023	PA_CH-PD032_rectal	A/Southern elephant seal/Peninsula Valdes/PA_CH-PD032_rectal/2023	3	2199	Argentina	1	PQ002153.1	GenBank	regional_context
PQ002139.1	Influenza A virus (A/Southern elephant seal/Peninsula Valdes/NP_CH-PD032_lung/2023(H5N1)) segment 5 nucleocapsid protein (NP) gene, complete cds	Influenza A virus	Southern elephant seal	Argentina	10-Oct-2023	NP_CH-PD032_lung	A/Southern elephant seal/Peninsula Valdes/NP_CH-PD032_lung/2023	5	1554	Argentina	1	PQ002139.1	GenBank	regional_context
PQ002137.1	Influenza A virus (A/Southern elephant seal/Peninsula Valdes/PA_CH-PD032_lung/2023(H5N1)) segment 3 polymerase PA (PA) and PA-X protein (PA-X) genes, complete cds	Influenza A virus	Southern elephant seal	Argentina	10-Oct-2023	PA_CH-PD032_lung	A/Southern elephant seal/Peninsula Valdes/PA_CH-PD032_lung/2023	3	2199	Argentina	1	PQ002137.1	GenBank	regional_context
PQ500558.1	Influenza A virus (A/South American Sea Lion, Otaria flavescens/Punta Loma Natural Reserve/NEC 85/2023(H5N1)) segment 4 hemagglutinin, HA2 region, (HA) gene, partial cds	Influenza A virus	South American Sea Lion, Otaria flavescens	Argentina	21-Sep-2023	NEC 85	A/South American Sea Lion, Otaria flavescens/Punta Loma Natural Reserve/NEC 85/2023	4	152	Argentina	1	PQ500558.1	GenBank	regional_context
PQ002141.1	Influenza A virus (A/Southern elephant seal/Peninsula Valdes/MP_CH-PD032_lung/2023(H5N1)) segment 7 matrix protein 2 (M2) and matrix protein 1 (M1) genes, complete cds	Influenza A virus	Southern elephant seal	Argentina	10-Oct-2023	MP_CH-PD032_lung	A/Southern elephant seal/Peninsula Valdes/MP_CH-PD032_lung/2023	7	1003	Argentina	1	PQ002141.1	GenBank	regional_context
PQ002124.1	Influenza A virus (A/Southern elephant seal/Peninsula Valdes/NA_CH-PD032_oral/2023(H5N1)) segment 6 neuraminidase (NA) gene, complete cds	Influenza A virus	Southern elephant seal	Argentina	10-Oct-2023	NA_CH-PD032_oral	A/Southern elephant seal/Peninsula Valdes/NA_CH-PD032_oral/2023	6	1457	Argentina	1	PQ002124.1	GenBank	regional_context
PQ002146.1	Influenza A virus (A/Southern elephant seal/Peninsula Valdes/HA_CH-PD032_brain/2023(H5N1)) segment 4 hemagglutinin (HA) gene, complete cds	Influenza A virus	Southern elephant seal	Argentina	10-Oct-2023	HA_CH-PD032_brain	A/Southern elephant seal/Peninsula Valdes/HA_CH-PD032_brain/2023	4	1755	Argentina	1	PQ002146.1	GenBank	regional_context
PQ002123.1	Influenza A virus (A/Southern elephant seal/Peninsula Valdes/NP_CH-PD032_oral/2023(H5N1)) segment 5 nucleocapsid protein (NP) gene, complete cds	Influenza A virus	Southern elephant seal	Argentina	10-Oct-2023	NP_CH-PD032_oral	A/Southern elephant seal/Peninsula Valdes/NP_CH-PD032_oral/2023	5	1552	Argentina	1	PQ002123.1	GenBank	regional_context
PQ002143.1	Influenza A virus (A/Southern elephant seal/Peninsula Valdes/PB2_CH-PD032_brain/2023(H5N1)) segment 1 polymerase PB2 (PB2) gene, complete cds	Influenza A virus	Southern elephant seal	Argentina	10-Oct-2023	PB2_CH-PD032_brain	A/Southern elephant seal/Peninsula Valdes/PB2_CH-PD032_brain/2023	1	2324	Argentina	1	PQ002143.1	GenBank	regional_context
PQ002151.1	Influenza A virus (A/Southern elephant seal/Peninsula Valdes/PB2_CH-PD032_rectal/2023(H5N1)) segment 1 polymerase PB2 (PB2) gene, complete cds	Influenza A virus	Southern elephant seal	Argentina	10-Oct-2023	PB2_CH-PD032_rectal	A/Southern elephant seal/Peninsula Valdes/PB2_CH-PD032_rectal/2023	1	2321	Argentina	1	PQ002151.1	GenBank	regional_context
PQ002113.1	Influenza A virus (A/Southern elephant seal/Peninsula Valdes/PA_CH-PD027/2023(H5N1)) segment 3 polymerase PA (PA) and PA-X protein (PA-X) genes, complete cds	Influenza A virus	Southern elephant seal	Argentina	10-Oct-2023	PA_CH-PD027	A/Southern elephant seal/Peninsula Valdes/PA_CH-PD027/2023	3	2199	Argentina	1	PQ002113.1	GenBank	regional_context
PQ002138.1	Influenza A virus (A/Southern elephant seal/Peninsula Valdes/HA_CH-PD032_lung/2023(H5N1)) segment 4 hemagglutinin (HA) gene, complete cds	Influenza A virus	Southern elephant seal	Argentina	10-Oct-2023	HA_CH-PD032_lung	A/Southern elephant seal/Peninsula Valdes/HA_CH-PD032_lung/2023	4	1755	Argentina	1	PQ002138.1	GenBank	regional_context
PQ002129.1	Influenza A virus (A/Southern elephant seal/Peninsula Valdes/PA_CH-PD032_tracheal/2023(H5N1)) segment 3 polymerase PA (PA) and PA-X protein (PA-X) genes, complete cds	Influenza A virus	Southern elephant seal	Argentina	10-Oct-2023	PA_CH-PD032_tracheal	A/Southern elephant seal/Peninsula Valdes/PA_CH-PD032_tracheal/2023	3	2199	Argentina	1	PQ002129.1	GenBank	regional_context
PQ002133.1	Influenza A virus (A/Southern elephant seal/Peninsula Valdes/MP_CH-PD032_tracheal/2023(H5N1)) segment 7 matrix protein 2 (M2) and matrix protein 1 (M1) genes, complete cds	Influenza A virus	Southern elephant seal	Argentina	10-Oct-2023	MP_CH-PD032_tracheal	A/Southern elephant seal/Peninsula Valdes/MP_CH-PD032_tracheal/2023	7	1003	Argentina	1	PQ002133.1	GenBank	regional_context
PQ002131.1	Influenza A virus (A/Southern elephant seal/Peninsula Valdes/NP_CH-PD032_tracheal/2023(H5N1)) segment 5 nucleocapsid protein (NP) gene, complete cds	Influenza A virus	Southern elephant seal	Argentina	10-Oct-2023	NP_CH-PD032_tracheal	A/Southern elephant seal/Peninsula Valdes/NP_CH-PD032_tracheal/2023	5	1553	Argentina	1	PQ002131.1	GenBank	regional_context
PQ002118.1	Influenza A virus (A/Southern elephant seal/Peninsula Valdes/NS_CH-PD027/2023(H5N1)) segment 8 nuclear export protein (NEP) and nonstructural protein 1 (NS1) genes, complete cds	Influenza A virus	Southern elephant seal	Argentina	10-Oct-2023	NS_CH-PD027	A/Southern elephant seal/Peninsula Valdes/NS_CH-PD027/2023	8	890	Argentina	1	PQ002118.1	GenBank	regional_context
PQ002158.1	Influenza A virus (A/Southern elephant seal/Peninsula Valdes/NS_CH-PD032_rectal/2023(H5N1)) segment 8 nuclear export protein (NEP) and nonstructural protein 1 (NS1) genes, complete cds	Influenza A virus	Southern elephant seal	Argentina	10-Oct-2023	NS_CH-PD032_rectal	A/Southern elephant seal/Peninsula Valdes/NS_CH-PD032_rectal/2023	8	890	Argentina	1	PQ002158.1	GenBank	regional_context
PQ002134.1	Influenza A virus (A/Southern elephant seal/Peninsula Valdes/NS_CH-PD032_tracheal/2023(H5N1)) segment 8 nuclear export protein (NEP) and nonstructural protein 1 (NS1) genes, complete cds	Influenza A virus	Southern elephant seal	Argentina	10-Oct-2023	NS_CH-PD032_tracheal	A/Southern elephant seal/Peninsula Valdes/NS_CH-PD032_tracheal/2023	8	890	Argentina	1	PQ002134.1	GenBank	regional_context
PQ002152.1	Influenza A virus (A/Southern elephant seal/Peninsula Valdes/PB1_CH-PD032_rectal/2023(H5N1)) segment 2 polymerase PB1 (PB1) and PB1-F2 protein (PB1-F2) genes, complete cds	Influenza A virus	Southern elephant seal	Argentina	10-Oct-2023	PB1_CH-PD032_rectal	A/Southern elephant seal/Peninsula Valdes/PB1_CH-PD032_rectal/2023	2	2326	Argentina	1	PQ002152.1	GenBank	regional_context
PQ002136.1	Influenza A virus (A/Southern elephant seal/Peninsula Valdes/PB1_CH-PD032_lung/2023(H5N1)) segment 2 polymerase PB1 (PB1) and PB1-F2 protein (PB1-F2) genes, complete cds	Influenza A virus	Southern elephant seal	Argentina	10-Oct-2023	PB1_CH-PD032_lung	A/Southern elephant seal/Peninsula Valdes/PB1_CH-PD032_lung/2023	2	2326	Argentina	1	PQ002136.1	GenBank	regional_context
PQ002126.1	Influenza A virus (A/Southern elephant seal/Peninsula Valdes/NS_CH-PD032_oral/2023(H5N1)) segment 8 nuclear export protein (NEP) and nonstructural protein 1 (NS1) genes, complete cds	Influenza A virus	Southern elephant seal	Argentina	10-Oct-2023	NS_CH-PD032_oral	A/Southern elephant seal/Peninsula Valdes/NS_CH-PD032_oral/2023	8	890	Argentina	1	PQ002126.1	GenBank	regional_context
PQ500561.1	Influenza A virus (A/South American Sea Lion, Otaria flavescens/Kaiser beach/NEC 93/2023(H5N1)) segment 4 hemagglutinin, HA2 region, (HA) gene, partial cds	Influenza A virus	South American Sea Lion, Otaria flavescens	Argentina	29-Aug-2023	NEC 93	A/South American Sea Lion, Otaria flavescens/Kaiser beach/NEC 93/2023	4	152	Argentina	1	PQ500561.1	GenBank	regional_context
PQ002117.1	Influenza A virus (A/Southern elephant seal/Peninsula Valdes/M_CH-PD027/2023(H5N1)) segment 7 matrix protein 2 (M2) and matrix protein 1 (M1) genes, complete cds	Influenza A virus	Southern elephant seal	Argentina	10-Oct-2023	M_CH-PD027	A/Southern elephant seal/Peninsula Valdes/M_CH-PD027/2023	7	1003	Argentina	1	PQ002117.1	GenBank	regional_context
PQ002144.1	Influenza A virus (A/Southern elephant seal/Peninsula Valdes/PB1_CH-PD032_brain/2023(H5N1)) segment 2 polymerase PB1 (PB1) and PB1-F2 protein (PB1-F2) genes, complete cds	Influenza A virus	Southern elephant seal	Argentina	10-Oct-2023	PB1_CH-PD032_brain	A/Southern elephant seal/Peninsula Valdes/PB1_CH-PD032_brain/2023	2	2326	Argentina	1	PQ002144.1	GenBank	regional_context
PQ002120.1	Influenza A virus (A/Southern elephant seal/Peninsula Valdes/PB1_CH-PD032_oral/2023(H5N1)) segment 2 polymerase PB1 (PB1) and PB1-F2 protein (PB1-F2) genes, complete cds	Influenza A virus	Southern elephant seal	Argentina	10-Oct-2023	PB1_CH-PD032_oral	A/Southern elephant seal/Peninsula Valdes/PB1_CH-PD032_oral/2023	2	2327	Argentina	1	PQ002120.1	GenBank	regional_context
PQ002111.1	Influenza A virus (A/Southern elephant seal/Peninsula Valdes/PB2_CH-PD027/2023(H5N1)) segment 1 polymerase PB2 (PB2) gene, complete cds	Influenza A virus	Southern elephant seal	Argentina	10-Oct-2023	PB2_CH-PD027	A/Southern elephant seal/Peninsula Valdes/PB2_CH-PD027/2023	1	2309	Argentina	1	PQ002111.1	GenBank	regional_context
PQ002127.1	Influenza A virus (A/Southern elephant seal/Peninsula Valdes/PB2_CH-PD032_tracheal/2023(H5N1)) segment 1 polymerase PB2 (PB2) gene, complete cds	Influenza A virus	Southern elephant seal	Argentina	10-Oct-2023	PB2_CH-PD032_tracheal	A/Southern elephant seal/Peninsula Valdes/PB2_CH-PD032_tracheal/2023	1	2324	Argentina	1	PQ002127.1	GenBank	regional_context
PQ002114.1	Influenza A virus (A/Southern elephant seal/Peninsula Valdes/HA_CH-PD027/2023(H5N1)) segment 4 hemagglutinin (HA) gene, complete cds	Influenza A virus	Southern elephant seal	Argentina	10-Oct-2023	HA_CH-PD027	A/Southern elephant seal/Peninsula Valdes/HA_CH-PD027/2023	4	1755	Argentina	1	PQ002114.1	GenBank	regional_context
PQ002132.1	Influenza A virus (A/Southern elephant seal/Peninsula Valdes/NA_CH-PD032_tracheal/2023(H5N1)) segment 6 neuraminidase (NA) gene, complete cds	Influenza A virus	Southern elephant seal	Argentina	10-Oct-2023	NA_CH-PD032_tracheal	A/Southern elephant seal/Peninsula Valdes/NA_CH-PD032_tracheal/2023	6	1456	Argentina	1	PQ002132.1	GenBank	regional_context
PQ002142.1	Influenza A virus (A/Southern elephant seal/Peninsula Valdes/NS_CH-PD032_lung/2023(H5N1)) segment 8 nuclear export protein (NEP) and nonstructural protein 1 (NS1) genes, complete cds	Influenza A virus	Southern elephant seal	Argentina	10-Oct-2023	NS_CH-PD032_lung	A/Southern elephant seal/Peninsula Valdes/NS_CH-PD032_lung/2023	8	890	Argentina	1	PQ002142.1	GenBank	regional_context
PQ002140.1	Influenza A virus (A/Southern elephant seal/Peninsula Valdes/NA_CH-PD032_lung/2023(H5N1)) segment 6 neuraminidase (NA) gene, complete cds	Influenza A virus	Southern elephant seal	Argentina	10-Oct-2023	NA_CH-PD032_lung	A/Southern elephant seal/Peninsula Valdes/NA_CH-PD032_lung/2023	6	1458	Argentina	1	PQ002140.1	GenBank	regional_context
PQ002150.1	Influenza A virus (A/Southern elephant seal/Peninsula Valdes/NS_CH-PD032_brain/2023(H5N1)) segment 8 nuclear export protein (NEP) and nonstructural protein 1 (NS1) genes, complete cds	Influenza A virus	Southern elephant seal	Argentina	10-Oct-2023	NS_CH-PD032_brain	A/Southern elephant seal/Peninsula Valdes/NS_CH-PD032_brain/2023	8	890	Argentina	1	PQ002150.1	GenBank	regional_context
OQ832505.2	Influenza A virus (A/Andean Guayata/Argentina/A Argentina AndeanGuayata 140223(H5N1)/2023(H5N1)) segment 4 hemagglutinin (HA) gene, partial cds	Influenza A virus	Andean Guayata	Argentina	11-Feb-2023	A Argentina AndeanGuayata 140223(H5N1)	A/Andean Guayata/Argentina/A Argentina AndeanGuayata 140223(H5N1)/2023	4	1694	Argentina	2	OQ832505.2;OQ832506.1	GenBank	regional_context
PQ002130.1	Influenza A virus (A/Southern elephant seal/Peninsula Valdes/HA_CH-PD032_tracheal/2023(H5N1)) segment 4 hemagglutinin (HA) gene, complete cds	Influenza A virus	Southern elephant seal	Argentina	10-Oct-2023	HA_CH-PD032_tracheal	A/Southern elephant seal/Peninsula Valdes/HA_CH-PD032_tracheal/2023	4	1755	Argentina	1	PQ002130.1	GenBank	regional_context
PQ002116.1	Influenza A virus (A/Southern elephant seal/Peninsula Valdes/NA_CH-PD027/2023(H5N1)) segment 6 neuraminidase (NA) gene, complete cds	Influenza A virus	Southern elephant seal	Argentina	10-Oct-2023	NA_CH-PD027	A/Southern elephant seal/Peninsula Valdes/NA_CH-PD027/2023	6	1457	Argentina	1	PQ002116.1	GenBank	regional_context
PQ002149.1	Influenza A virus (A/Southern elephant seal/Peninsula Valdes/MP_CH-PD032_brain/2023(H5N1)) segment 7 matrix protein 2 (M2) and matrix protein 1 (M1) genes, complete cds	Influenza A virus	Southern elephant seal	Argentina	10-Oct-2023	MP_CH-PD032_brain	A/Southern elephant seal/Peninsula Valdes/MP_CH-PD032_brain/2023	7	1003	Argentina	1	PQ002149.1	GenBank	regional_context
PQ002121.1	Influenza A virus (A/Southern elephant seal/Peninsula Valdes/PA_CH-PD032_oral/2023(H5N1)) segment 3 polymerase PA (PA) and PA-X protein (PA-X) genes, complete cds	Influenza A virus	Southern elephant seal	Argentina	10-Oct-2023	PA_CH-PD032_oral	A/Southern elephant seal/Peninsula Valdes/PA_CH-PD032_oral/2023	3	2199	Argentina	1	PQ002121.1	GenBank	regional_context
PQ002112.1	Influenza A virus (A/Southern elephant seal/Peninsula Valdes/PB1_CH-PD027/2023(H5N1)) segment 2 polymerase PB1 (PB1) and PB1-F2 protein (PB1-F2) genes, complete cds	Influenza A virus	Southern elephant seal	Argentina	10-Oct-2023	PB1_CH-PD027	A/Southern elephant seal/Peninsula Valdes/PB1_CH-PD027/2023	2	2326	Argentina	1	PQ002112.1	GenBank	regional_context
PQ500559.1	Influenza A virus (A/South American Sea Lion, Otaria flavescens/Cerro Avanzado beach./NEC 86/2023(H5N1)) segment 4 hemagglutinin, HA2 region, (HA) gene, partial cds	Influenza A virus	South American Sea Lion, Otaria flavescens	Argentina	29-Sep-2023	NEC 86	A/South American Sea Lion, Otaria flavescens/Cerro Avanzado beach./NEC 86/2023	4	152	Argentina	1	PQ500559.1	GenBank	regional_context
PQ284583.1	Influenza A virus (A/Sterna hirundo/SaoFranciscoItabapoanaBR/1060-N-2024/2024(H5N1)) segment 7 matrix protein 2 (M2) and matrix protein 1 (M1) genes, complete cds	Influenza A virus	Sterna hirundo	Brazil	05-Apr-2024	1060-N-2024	A/Sterna hirundo/SaoFranciscoItabapoanaBR/1060-N-2024/2024	7	1027	Brazil	8	PQ284583.1;PQ284576.1;PQ284577.1;PQ284578.1;PQ284579.1;PQ284580.1;PQ284581.1;PQ284582.1	GenBank	regional_context
PX121562.1	Influenza A virus (A/Dendrocygna viduata/SaoMateusBR/1834-N-2025/2025(H5N1)) segment 7 matrix protein 2 (M2) and matrix protein 1 (M1) genes, complete cds	Influenza A virus	Dendrocygna viduata	Brazil	27-Jun-2025	1834-N-2025	A/Dendrocygna viduata/SaoMateusBR/1834-N-2025/2025	7	1027	Brazil	8	PX121562.1;PX121555.1;PX121556.1;PX121557.1;PX121558.1;PX121559.1;PX121560.1;PX121561.1	GenBank	regional_context
PX121554.1	Influenza A virus (A/Numida meleagris/RiodeJaneiroBR/2148-N-2025/2025(H5N1)) segment 7 matrix protein 2 (M2) and matrix protein 1 (M1) genes, complete cds	Influenza A virus	Numida meleagris	Brazil	22-Jul-2025	2148-N-2025	A/Numida meleagris/RiodeJaneiroBR/2148-N-2025/2025	7	1027	Brazil	8	PX121554.1;PX121547.1;PX121548.1;PX121549.1;PX121550.1;PX121551.1;PX121552.1;PX121553.1	GenBank	regional_context
PX120425.1	Influenza A virus (A/Gallus gallus/MonteAzulPaulistaBR/2168-N-2025/2025(H5N1)) segment 7 matrix protein 2 (M2) and matrix protein 1 (M1) genes, complete cds	Influenza A virus	Gallus gallus	Brazil	23-Jul-2025	2168-N-2025	A/Gallus gallus/MonteAzulPaulistaBR/2168-N-2025/2025	7	1027	Brazil	8	PX120425.1;PX120418.1;PX120419.1;PX120420.1;PX120421.1;PX120422.1;PX120423.1;PX120424.1	GenBank	regional_context
PX120169.1	Influenza A virus (A/Gallus gallus/QuixeramobimBR/2086-N-2025/2025(H5N1)) segment 7 matrix protein 2 (M2) and matrix protein 1 (M1) genes, complete cds	Influenza A virus	Gallus gallus	Brazil	17-Jul-2025	2086-N-2025	A/Gallus gallus/QuixeramobimBR/2086-N-2025/2025	7	1027	Brazil	8	PX120169.1;PX120162.1;PX120163.1;PX120164.1;PX120165.1;PX120166.1;PX120167.1;PX120168.1	GenBank	regional_context
PX119936.1	Influenza A virus (A/Gallus gallus/SaoPauloBR/2000-N2-2025/2025(H5N1)) segment 7 matrix protein 2 (M2) and matrix protein 1 (M1) genes, complete cds	Influenza A virus	Gallus gallus	Brazil	11-Jul-2025	2000-N2-2025	A/Gallus gallus/SaoPauloBR/2000-N2-2025/2025	7	1027	Brazil	8	PX119936.1;PX119929.1;PX119930.1;PX119931.1;PX119932.1;PX119933.1;PX119934.1;PX119935.1	GenBank	regional_context
PV851449.1	Influenza A virus (A/Gallus gallus/SantoAntoniodaBarraBR/1611-N3-2025/2025(H5N1)) segment 7 matrix protein 2 (M2) and matrix protein 1 (M1) genes, complete cds	Influenza A virus	Gallus gallus	Brazil	13-Jun-2025	1611-N3-2025	A/Gallus gallus/SantoAntoniodaBarraBR/1611-N3-2025/2025	7	1027	Brazil	8	PV851449.1;PV851442.1;PV851443.1;PV851444.1;PV851445.1;PV851446.1;PV851447.1;PV851448.1	GenBank	regional_context
PV851419.1	Influenza A virus (A/Dromaius novaehollandiae/BrasiliaBR/1706-N-2025/2025(H5N1)) segment 7 matrix protein 2 (M2) and matrix protein 1 (M1) genes, complete cds	Influenza A virus	Dromaius novaehollandiae	Brazil	14-Jun-2025	1706-N-2025	A/Dromaius novaehollandiae/BrasiliaBR/1706-N-2025/2025	7	1027	Brazil	8	PV851419.1;PV851412.1;PV851413.1;PV851414.1;PV851415.1;PV851416.1;PV851417.1;PV851418.1	GenBank	regional_context
PV849984.1	Influenza A virus (A/Dendrocygna viduata/BrasiliaBR/1480-N1-2025/2025(H5N1)) segment 7 matrix protein 2 (M2) and matrix protein 1 (M1) genes, complete cds	Influenza A virus	Dendrocygna viduata	Brazil	03-Jun-2025	1480-N1-2025	A/Dendrocygna viduata/BrasiliaBR/1480-N1-2025/2025	7	1027	Brazil	8	PV849984.1;PV849977.1;PV849978.1;PV849979.1;PV849980.1;PV849981.1;PV849982.1;PV849983.1	GenBank	regional_context
PV796581.1	Influenza A virus (A/Gallus gallus/CampinapolisBR/1529-N2-2025/2025(H5N1)) segment 7 matrix protein 2 (M2) and matrix protein 1 (M1) genes, complete cds	Influenza A virus	Gallus gallus	Brazil	07-Jun-2025	1529-N2-2025	A/Gallus gallus/CampinapolisBR/1529-N2-2025/2025	7	1027	Brazil	8	PV796581.1;PV796574.1;PV796575.1;PV796576.1;PV796577.1;PV796578.1;PV796579.1;PV796580.1	GenBank	regional_context
PV796407.1	Influenza A virus (A/Furnarius rufus/MontenegroBR/1355-N-2025/2025(H5N1)) segment 7 matrix protein 2 (M2) and matrix protein 1 (M1) genes, complete cds	Influenza A virus	Furnarius rufus	Brazil	28-May-2025	1355-N-2025	A/Furnarius rufus/MontenegroBR/1355-N-2025/2025	7	1027	Brazil	8	PV796407.1;PV796400.1;PV796401.1;PV796402.1;PV796403.1;PV796404.1;PV796405.1;PV796406.1	GenBank	regional_context
PV740317.1	Influenza A virus (A/Cygnus atratus/MateusLemeBR/1369-T-2025/2025(H5N1)) segment 7 matrix protein 2 (M2) and matrix protein 1 (M1) genes, complete cds	Influenza A virus	Cygnus atratus	Brazil	25-May-2025	1369-T-2025	A/Cygnus atratus/MateusLemeBR/1369-T-2025/2025	7	1027	Brazil	8	PV740317.1;PV740310.1;PV740311.1;PV740312.1;PV740313.1;PV740314.1;PV740315.1;PV740316.1	GenBank	regional_context
PV740261.1	Influenza A virus (A/Cygnus atratus/MateusLemeBR/1367-N-2025/2025(H5N1)) segment 7 matrix protein 2 (M2) and matrix protein 1 (M1) genes, complete cds	Influenza A virus	Cygnus atratus	Brazil	25-May-2025	1367-N-2025	A/Cygnus atratus/MateusLemeBR/1367-N-2025/2025	7	1027	Brazil	8	PV740261.1;PV740254.1;PV740255.1;PV740256.1;PV740257.1;PV740258.1;PV740259.1;PV740260.1	GenBank	regional_context
PV660446.1	Influenza A virus (A/Gallus gallus/MontenegroBR/1245-N3-2025/2025(H5N1)) segment 7 matrix protein 2 (M2) and matrix protein 1 (M1) genes, complete cds	Influenza A virus	Gallus gallus	Brazil	12-May-2025	1245-N3-2025	A/Gallus gallus/MontenegroBR/1245-N3-2025/2025	7	1027	Brazil	8	PV660446.1;PV660439.1;PV660440.1;PV660441.1;PV660442.1;PV660443.1;PV660444.1;PV660445.1	GenBank	regional_context
PV660438.1	Influenza A virus (A/Cygnus melancoryphus/SapucaiaSulBR/1246-N7-2025/2025(H5N1)) segment 7 matrix protein 2 (M2) and matrix protein 1 (M1) genes, complete cds	Influenza A virus	Cygnus melancoryphus	Brazil	12-May-2025	1246-N7-2025	A/Cygnus melancoryphus/SapucaiaSulBR/1246-N7-2025/2025	7	1027	Brazil	8	PV660438.1;PV660431.1;PV660432.1;PV660433.1;PV660434.1;PV660435.1;PV660436.1;PV660437.1	GenBank	regional_context
PV659830.1	Influenza A virus (A/Cygnus atratus/SapucaiaSulBR/1246-N5-2025/2025(H5N1)) segment 7 matrix protein 2 (M2) and matrix protein 1 (M1) genes, complete cds	Influenza A virus	Cygnus atratus	Brazil	12-May-2025	1246-N5-2025	A/Cygnus atratus/SapucaiaSulBR/1246-N5-2025/2025	7	1027	Brazil	8	PV659830.1;PV659823.1;PV659824.1;PV659825.1;PV659826.1;PV659827.1;PV659828.1;PV659829.1	GenBank	regional_context
PQ283806.1	Influenza A virus (A/Thalasseus acuflavidus/VitoriaBR/1383-N-2024/2024(H5N1)) segment 7 matrix protein 2 (M2) and matrix protein 1 (M1) genes, complete cds	Influenza A virus	Thalasseus acuflavidus	Brazil	26-Apr-2024	1383-N-2024	A/Thalasseus acuflavidus/VitoriaBR/1383-N-2024/2024	7	1027	Brazil	8	PQ283806.1;PQ283799.1;PQ283800.1;PQ283801.1;PQ283802.1;PQ283803.1;PQ283804.1;PQ283805.1	GenBank	regional_context
PX062338.1	Influenza A virus (A/Irere/Ibirapuera Central Park/CUT38/2025(H5N1)) segment 8 nuclear export protein (NEP) and nonstructural protein 1 (NS1) genes, complete cds	Influenza A virus	Irere	Brazil	20-Jun-2025	CUT38	A/Irere/Ibirapuera Central Park/CUT38/2025	8	890	Brazil	8	PX062338.1;PX062331.1;PX062332.1;PX062333.1;PX062334.1;PX062335.1;PX062336.1;PX062337.1	GenBank	regional_context
PX062330.1	Influenza A virus (A/Irere/Ibirapuera Central Park/CUT37/2025(H5N1)) segment 8 nuclear export protein (NEP) and nonstructural protein 1 (NS1) genes, complete cds	Influenza A virus	Irere	Brazil	20-Jun-2025	CUT37	A/Irere/Ibirapuera Central Park/CUT37/2025	8	890	Brazil	8	PX062330.1;PX062323.1;PX062324.1;PX062325.1;PX062326.1;PX062327.1;PX062328.1;PX062329.1	GenBank	regional_context
PQ135843.1	Influenza A virus (A/collared plover/Mato Grosso/Pantanal1403/2023(H5N2)) segment 8 nuclear export protein (NEP) and nonstructural protein 1 (NS1) genes, complete cds	Influenza A virus	collared plover	Brazil	Oct-2023	Pantanal1403	A/collared plover/Mato Grosso/Pantanal1403/2023	8	866	Brazil	8	PQ135843.1;PQ135836.1;PQ135837.1;PQ135838.1;PQ135839.1;PQ135840.1;PQ135841.1;PQ135842.1	GenBank	regional_context
OR881257.1	Influenza A virus (A/Numida meleagris/Maracaja/1843-N3/2023(H5N1)) segment 8 nuclear export protein (NEP) and nonstructural protein 1 (NS1) genes, complete cds	Influenza A virus	Numida meleagris	Brazil	15-Jul-2023	1843-N3	A/Numida meleagris/Maracaja/1843-N3/2023	8	890	Brazil	8	OR881257.1;OR881250.1;OR881251.1;OR881252.1;OR881253.1;OR881254.1;OR881255.1;OR881256.1	GenBank	regional_context
PP786404.1	Influenza A virus (A/Procellaria aequinoctialis/UbatubaBR/2271-N/2023(H5N1)) segment 8 nuclear export protein (NEP) and nonstructural protein 1 (NS1) genes, complete cds	Influenza A virus	Procellaria aequinoctialis	Brazil	10-Nov-2023	2271-N	A/Procellaria aequinoctialis/UbatubaBR/2271-N/2023	8	890	Brazil	16	PP786404.1;PP769736.1;PP769737.1;PP769738.1;PP769739.1;PP769740.1;PP769741.1;PP769742.1;PP769743.1;PP786397.1;PP786398.1;PP786399.1;PP786400.1;PP786401.1;PP786402.1;PP786403.1	GenBank	regional_context
OR840004.1	Influenza A virus (A/Gallus gallus/Bonito/2108-SN52/2023(H5N1)) segment 1 polymerase PB2 (PB2) gene, complete cds	Influenza A virus	Gallus gallus	Brazil	22-Sep-2023	2108-SN52	A/Gallus gallus/Bonito/2108-SN52/2023	1	2424	Brazil	8	OR840004.1;OR839997.1;OR839998.1;OR839999.1;OR840000.1;OR840001.1;OR840002.1;OR840003.1	GenBank	regional_context
OR420096.1	Influenza A virus (A/Fregata magnificens/RJ/1532-N/2023(H5N1)) segment 8 nuclear export protein (NEP) and nonstructural protein 1 (NS1) genes, complete cds	Influenza A virus	Fregata magnificens	Brazil	03-Jun-2023	1532-N	A/Fregata magnificens/RJ/1532-N/2023	8	890	Brazil	8	OR420096.1;OR420089.1;OR420090.1;OR420091.1;OR420092.1;OR420093.1;OR420094.1;OR420095.1	GenBank	regional_context
PP785025.1	Influenza A virus (A/Sterna hirundo/RiodasOstrasBR/0721-N/2024(H5N1)) segment 8 nuclear export protein (NEP) and nonstructural protein 1 (NS1) genes, complete cds	Influenza A virus	Sterna hirundo	Brazil	15-Mar-2024	0721-N	A/Sterna hirundo/RiodasOstrasBR/0721-N/2024	8	890	Brazil	8	PP785025.1;PP785018.1;PP785019.1;PP785020.1;PP785021.1;PP785022.1;PP785023.1;PP785024.1	GenBank	regional_context
PP782343.1	Influenza A virus (A/Sterna hirundo/Cabo FrioBR/0613-N/2024(H5N1)) segment 8 nuclear export protein (NEP) and nonstructural protein 1 (NS1) genes, complete cds	Influenza A virus	Sterna hirundo	Brazil	09-Mar-2024	0613-N	A/Sterna hirundo/Cabo FrioBR/0613-N/2024	8	890	Brazil	8	PP782343.1;PP782336.1;PP782337.1;PP782338.1;PP782339.1;PP782340.1;PP782341.1;PP782342.1	GenBank	regional_context
PP782209.1	Influenza A virus (A/Sterna hirundo/SaoFranciscodeItabapoanaBR/0481-R/2024(H5N1)) segment 8 nuclear export protein (NEP) and nonstructural protein 1 (NS1) genes, complete cds	Influenza A virus	Sterna hirundo	Brazil	02-Mar-2024	0481-R	A/Sterna hirundo/SaoFranciscodeItabapoanaBR/0481-R/2024	8	883	Brazil	8	PP782209.1;PP782202.1;PP782203.1;PP782204.1;PP782205.1;PP782206.1;PP782207.1;PP782208.1	GenBank	regional_context
PP780450.1	Influenza A virus (A/Sterna hirundo/PiumaBR/0448-N/2024(H5N1)) segment 8 nuclear export protein (NEP) and nonstructural protein 1 (NS1) genes, complete cds	Influenza A virus	Sterna hirundo	Brazil	02-Mar-2024	0448-N	A/Sterna hirundo/PiumaBR/0448-N/2024	8	883	Brazil	8	PP780450.1;PP780443.1;PP780444.1;PP780445.1;PP780446.1;PP780447.1;PP780448.1;PP780449.1	GenBank	regional_context
PP780178.1	Influenza A virus (A/Thalasseus acuflavidus/BertiogaBR/0291-N/2024(H5N1)) segment 8 nuclear export protein (NEP) and nonstructural protein 1 (NS1) genes, complete cds	Influenza A virus	Thalasseus acuflavidus	Brazil	22-Feb-2024	0291-N	A/Thalasseus acuflavidus/BertiogaBR/0291-N/2024	8	881	Brazil	8	PP780178.1;PP780171.1;PP780172.1;PP780173.1;PP780174.1;PP780175.1;PP780176.1;PP780177.1	GenBank	regional_context
PP779937.1	Influenza A virus (A/Sterna hirundo/MacaeBR/0177-N/2024(H5N1)) segment 8 nuclear export protein (NEP) and nonstructural protein 1 (NS1) genes, complete cds	Influenza A virus	Sterna hirundo	Brazil	09-Feb-2024	0177-N	A/Sterna hirundo/MacaeBR/0177-N/2024	8	883	Brazil	8	PP779937.1;PP779930.1;PP779931.1;PP779932.1;PP779933.1;PP779934.1;PP779935.1;PP779936.1	GenBank	regional_context
PP779064.1	Influenza A virus (A/Sterna hirundo/ItapemirimBR/0155-N/2024(H5N1)) segment 8 nuclear export protein (NEP) and nonstructural protein 1 (NS1) genes, complete cds	Influenza A virus	Sterna hirundo	Brazil	02-Feb-2024	0155-N	A/Sterna hirundo/ItapemirimBR/0155-N/2024	8	890	Brazil	8	PP779064.1;PP779057.1;PP779058.1;PP779059.1;PP779060.1;PP779061.1;PP779062.1;PP779063.1	GenBank	regional_context
PP778509.1	Influenza A virus (A/Thalasseus maximus/PraiaGrandeBR/2339-N/2023(H5N1)) segment 8 nuclear export protein (NEP) and nonstructural protein 1 (NS1) genes, complete cds	Influenza A virus	Thalasseus maximus	Brazil	13-Dec-2023	2339-N	A/Thalasseus maximus/PraiaGrandeBR/2339-N/2023	8	890	Brazil	8	PP778509.1;PP778502.1;PP778503.1;PP778504.1;PP778505.1;PP778506.1;PP778507.1;PP778508.1	GenBank	regional_context
PP777462.1	Influenza A virus (A/Thalasseus acuflavidus/IlhaCompridaBR/2280-N/2023(H5N1)) segment 8 nuclear export protein (NEP) and nonstructural protein 1 (NS1) genes, complete cds	Influenza A virus	Thalasseus acuflavidus	Brazil	06-Nov-2023	2280-N	A/Thalasseus acuflavidus/IlhaCompridaBR/2280-N/2023	8	890	Brazil	8	PP777462.1;PP777455.1;PP777456.1;PP777457.1;PP777458.1;PP777459.1;PP777460.1;PP777461.1	GenBank	regional_context
PP776756.1	Influenza A virus (A/Thalasseus acuflavidus/MatinhosBR/2277-N/2023(H5N1)) segment 8 nuclear export protein (NEP) and nonstructural protein 1 (NS1) genes, complete cds	Influenza A virus	Thalasseus acuflavidus	Brazil	14-Nov-2023	2277-N	A/Thalasseus acuflavidus/MatinhosBR/2277-N/2023	8	890	Brazil	8	PP776756.1;PP776749.1;PP776750.1;PP776751.1;PP776752.1;PP776753.1;PP776754.1;PP776755.1	GenBank	regional_context
PP769618.1	Influenza A virus (A/Sterna hirundo/PenhaBR/2261-N/2023(H5N1)) segment 8 nuclear export protein (NEP) and nonstructural protein 1 (NS1) genes, complete cds	Influenza A virus	Sterna hirundo	Brazil	09-Nov-2023	2261-N	A/Sterna hirundo/PenhaBR/2261-N/2023	8	886	Brazil	8	PP769618.1;PP769611.1;PP769612.1;PP769613.1;PP769614.1;PP769615.1;PP769616.1;PP769617.1	GenBank	regional_context
PP768664.1	Influenza A virus (A/Pluvialis dominica/BertiogaBR/2252-N/2023(H5N1)) segment 8 nuclear export protein (NEP) and nonstructural protein 1 (NS1) genes, complete cds	Influenza A virus	Pluvialis dominica	Brazil	08-Nov-2023	2252-N	A/Pluvialis dominica/BertiogaBR/2252-N/2023	8	889	Brazil	8	PP768664.1;PP768657.1;PP768658.1;PP768659.1;PP768660.1;PP768661.1;PP768662.1;PP768663.1	GenBank	regional_context
PP768254.1	Influenza A virus (A/Procellaria aequinoctialis/SaoSebastiaoBR/2259-N/2023(H5N1)) segment 8 nuclear export protein (NEP) and nonstructural protein 1 (NS1) genes, complete cds	Influenza A virus	Procellaria aequinoctialis	Brazil	09-Nov-2023	2259-N	A/Procellaria aequinoctialis/SaoSebastiaoBR/2259-N/2023	8	890	Brazil	8	PP768254.1;PP768247.1;PP768248.1;PP768249.1;PP768250.1;PP768251.1;PP768252.1;PP768253.1	GenBank	regional_context
PP390170.1	Influenza A virus (A/Thalasseus maximus/RioGrandeSul/2177-N/2023(H5N1)) segment 8 nuclear export protein (NEP) and nonstructural protein 1 (NS1) genes, complete cds	Influenza A virus	Thalasseus maximus	Brazil	13-Oct-2023	2177-N	A/Thalasseus maximus/RioGrandeSul/2177-N/2023	8	890	Brazil	8	PP390170.1;PP390163.1;PP390164.1;PP390165.1;PP390166.1;PP390167.1;PP390168.1;PP390169.1	GenBank	regional_context
PP386944.1	Influenza A virus (A/Sterna hirundo/EspiritoSanto/1455-N/2023(H5N1)) segment 8 nonstructural protein 1 (NS1) and nuclear export protein (NEP) genes, partial cds	Influenza A virus	Sterna hirundo	Brazil	27-May-2023	1455-N	A/Sterna hirundo/EspiritoSanto/1455-N/2023	8	465	Brazil	8	PP386944.1;PP386937.1;PP386938.1;PP386939.1;PP386940.1;PP386941.1;PP386942.1;PP386943.1	GenBank	regional_context
OR889495.1	Influenza A virus (A/Buteogallus urubitinga/Itapemirim/1630-SC/2023(H5N1)) segment 8 nuclear export protein (NEP) and nonstructural protein 1 (NS1) genes, complete cds	Influenza A virus	Buteogallus urubitinga	Brazil	07-Jun-2023	1630-SC	A/Buteogallus urubitinga/Itapemirim/1630-SC/2023	8	890	Brazil	8	OR889495.1;OR889488.1;OR889489.1;OR889490.1;OR889491.1;OR889492.1;OR889493.1;OR889494.1	GenBank	regional_context
OR878092.1	Influenza A virus (A/Thalasseus maximus/Antonina/1775-N/2023(H5N1)) segment 8 nuclear export protein (NEP) and nonstructural protein 1 (NS1) genes, complete cds	Influenza A virus	Thalasseus maximus	Brazil	23-Jun-2023	1775-N	A/Thalasseus maximus/Antonina/1775-N/2023	8	884	Brazil	8	OR878092.1;OR878085.1;OR878086.1;OR878087.1;OR878088.1;OR878089.1;OR878090.1;OR878091.1	GenBank	regional_context
OR860365.1	Influenza A virus (A/Thalasseus maximus/Itapoa/1941-N/2023(H5N1)) segment 8 nuclear export protein (NEP) and nonstructural protein 1 (NS1) genes, complete cds	Influenza A virus	Thalasseus maximus	Brazil	25-Sep-2023	1941-N	A/Thalasseus maximus/Itapoa/1941-N/2023	8	890	Brazil	8	OR860365.1;OR860358.1;OR860359.1;OR860360.1;OR860361.1;OR860362.1;OR860363.1;OR860364.1	GenBank	regional_context
OR857858.1	Influenza A virus (A/Sula leucogaster/Sao Francisco do Sul/2122-N/2023(H5N1)) segment 1 polymerase PB2 (PB2) gene, complete cds	Influenza A virus	Sula leucogaster	Brazil	27-Sep-2023	2122-N	A/Sula leucogaster/Sao Francisco do Sul/2122-N/2023	1	2341	Brazil	8	OR857858.1;OR857851.1;OR857852.1;OR857853.1;OR857854.1;OR857855.1;OR857856.1;OR857857.1	GenBank	regional_context
OR853755.1	Influenza A virus (A/Thalasseus maximus/Ubatuba/1546-N/2023(H5N1)) segment 8 nuclear export protein (NEP) and nonstructural protein 1 (NS1) genes, complete cds	Influenza A virus	Thalasseus maximus	Brazil	05-Jun-2023	1546-N	A/Thalasseus maximus/Ubatuba/1546-N/2023	8	890	Brazil	8	OR853755.1;OR853748.1;OR853749.1;OR853750.1;OR853751.1;OR853752.1;OR853753.1;OR853754.1	GenBank	regional_context
OR852419.1	Influenza A virus (A/Otaria flavescens/Torres/2165-SO/2023(H5N1)) segment 8 nuclear export protein (NEP) and nonstructural protein 1 (NS1) genes, complete cds	Influenza A virus	Otaria byronia	Brazil	11-Oct-2023	2165-SO	A/Otaria flavescens/Torres/2165-SO/2023	8	992	Brazil	8	OR852419.1;OR852412.1;OR852413.1;OR852414.1;OR852415.1;OR852416.1;OR852417.1;OR852418.1	GenBank	regional_context
OR844544.1	Influenza A virus (A/Otaria flavescens/Rio Grande/2148-N/2023(H5N1)) segment 8 nuclear export protein (NEP) and nonstructural protein 1 (NS1) genes, complete cds	Influenza A virus	Otaria byronia	Brazil	03-Oct-2023	2148-N	A/Otaria flavescens/Rio Grande/2148-N/2023	8	950	Brazil	8	OR844544.1;OR844537.1;OR844538.1;OR844539.1;OR844540.1;OR844541.1;OR844542.1;OR844543.1	GenBank	regional_context
OR853708.1	Influenza A virus (A/Megascops choliba/Serra/1409-N/2023(H5N1)) segment 8 nuclear export protein (NEP) and nonstructural protein 1 (NS1) genes, complete cds	Influenza A virus	Megascops choliba	Brazil	26-May-2023	1409-N	A/Megascops choliba/Serra/1409-N/2023	8	886	Brazil	8	OR853708.1;OR853701.1;OR853702.1;OR853703.1;OR853704.1;OR853705.1;OR853706.1;OR853707.1	GenBank	regional_context
OR269891.1	Influenza A virus (A/Thalasseus acuflavidus/EspiritoSanto/1339_N2/2023(H5N1)) segment 8 nuclear export protein (NEP) and nonstructural protein 1 (NS1) genes, complete cds	Influenza A virus	Thalasseus acuflavidus	Brazil	15-May-2023	1339_N2	A/Thalasseus acuflavidus/EspiritoSanto/1339_N2/2023	8	893	Brazil	8	OR269891.1;OR269884.1;OR269885.1;OR269886.1;OR269887.1;OR269888.1;OR269889.1;OR269890.1	GenBank	regional_context
PX480706.1	Influenza A virus (A/sea lion/Rio Grande do Sul/1629/2023(H5N1)) segment 4 hemagglutinin (HA) gene, complete cds	Influenza A virus	sea lion	Brazil	Oct-2023	1629	A/sea lion/Rio Grande do Sul/1629/2023	4	1704	Brazil	1	PX480706.1	GenBank	regional_context
PX480705.1	Influenza A virus (A/sea lion/Rio Grande do Sul/1398/2023(H5N1)) segment 6 neuraminidase (NA) gene, complete cds	Influenza A virus	sea lion	Brazil	Oct-2023	1398	A/sea lion/Rio Grande do Sul/1398/2023	6	1410	Brazil	2	PX480705.1;PX480076.1	GenBank	regional_context
OR979631.1	Influenza A virus (A/Peruvian booby/Tarapaca/236308/2023(H5N1)) segment 6 neuraminidase (NA) gene, complete cds	Influenza A virus	Sula variegata	Chile	09-Feb-2023		A/Peruvian booby/Tarapaca/236308/2023	6	1458	Chile	8	OR979631.1;OR910401.1;OR910402.1;OR910403.1;OR910404.1;OR910405.1;OR910406.1;OR910407.1	GenBank	regional_context
OR265639.1	Influenza A virus (A/Humboldt penguin/Coquimbo/239590/2023(H5N1)) segment 4 hemagglutinin (HA) gene, complete cds	Influenza A virus	Spheniscus humboldti	Chile	28-Feb-2023		A/Humboldt penguin/Coquimbo/239590/2023	4	1763	Chile	8	OR265639.1;OR125167.1;OR125168.1;OR125169.1;OR125170.1;OR125171.1;OR264825.1;OR265638.1	GenBank	regional_context
OR265631.1	Influenza A virus (A/Pelican/Valparaiso/234040/2023(H5N1)) segment 2 polymerase PB1 (PB1) and PB1-F2 protein (PB1-F2) genes, complete cds	Influenza A virus	Pelecanus sp.	Chile	25-Jan-2023		A/Pelican/Valparaiso/234040/2023	2	2341	Chile	8	OR265631.1;OR125160.1;OR125161.1;OR125162.1;OR125163.1;OR125164.1;OR125165.1;OR125166.1	GenBank	regional_context
OR979566.1	Influenza A virus (A/turkey/Valparaiso/245562-2/2023(H5N1)) segment 2 polymerase PB1 (PB1) and PB1-F2 protein (PB1-F2) genes, complete cds	Influenza A virus	Meleagris gallopavo	Chile	29-Mar-2023		A/turkey/Valparaiso/245562-2/2023	2	2341	Chile	8	OR979566.1;OR910190.1;OR910191.1;OR910192.1;OR910193.1;OR910194.1;OR910195.1;OR910196.1	GenBank	regional_context
OR265544.1	Influenza A virus (A/Pelican/Tarapaca/227436-2/2022(H5N1)) segment 8 nuclear export protein (NEP) and nonstructural protein 1 (NS1) genes, complete cds	Influenza A virus	Pelecanus sp.	Chile	09-Dec-2022		A/Pelican/Tarapaca/227436-2/2022	8	890	Chile	8	OR265544.1;OR125366.1;OR125367.1;OR125368.1;OR265530.1;OR265541.1;OR265542.1;OR265543.1	GenBank	regional_context
PX373563.1	Influenza A virus (A/brown skua/Antartic/A327O/2025(H5N1)) segment 6 neuraminidase (NA) gene, complete cds	Influenza A virus	Stercorarius antarcticus	Chile	09-Jan-2025		A/brown skua/Antartic/A327O/2025	6	1407	Chile	8	PX373563.1;PX373556.1;PX373557.1;PX373558.1;PX373559.1;PX373560.1;PX373561.1;PX373562.1	GenBank	regional_context
OR125411.1	Influenza A virus (A/Pelican/Antofagasta/228244-2/2022(H5N1)) segment 8 nuclear export protein (NEP) and nonstructural protein 1 (NS1) genes, complete cds	Influenza A virus	Pelecanus sp.	Chile	16-Dec-2022		A/Pelican/Antofagasta/228244-2/2022	8	890	Chile	8	OR125411.1;OR125404.1;OR125405.1;OR125406.1;OR125407.1;OR125408.1;OR125409.1;OR125410.1	GenBank	regional_context
PQ318404.1	Influenza A virus (A/gull/Bio Bio/237012/2023(H5N1)) segment 6 neuraminidase (NA) gene, complete cds	Influenza A virus	Larus sp.	Chile	15-Feb-2023		A/gull/Bio Bio/237012/2023	6	1458	Chile	8	PQ318404.1;PQ308648.1;PQ308649.1;PQ308650.1;PQ308651.1;PQ308652.1;PQ308653.1;PQ308654.1	GenBank	regional_context
PQ318400.1	Influenza A virus (A/chicken/Aysen/250755-2/2023(H5N1)) segment 6 neuraminidase (NA) gene, complete cds	Influenza A virus	Gallus gallus	Chile	19-Apr-2023		A/chicken/Aysen/250755-2/2023	6	1458	Chile	8	PQ318400.1;PQ304202.1;PQ304203.1;PQ304204.1;PQ304205.1;PQ304206.1;PQ304207.1;PQ304208.1	GenBank	regional_context
OR986563.1	Influenza A virus (A/guanay cormorant/Arica y Parinacota/235902-2/2023(H5N1)) segment 6 neuraminidase (NA) gene, complete cds	Influenza A virus	Leucocarbo bougainvillii	Chile	06-Feb-2023		A/guanay cormorant/Arica y Parinacota/235902-2/2023	6	1458	Chile	8	OR986563.1;OR961003.1;OR961004.1;OR961005.1;OR961006.1;OR961007.1;OR961008.1;OR986562.1	GenBank	regional_context
OR979590.1	Influenza A virus (A/gray gull/Antofagasta/236047-1/2023(H5N1)) segment 8 nuclear export protein (NEP) and nonstructural protein 1 (NS1) genes, complete cds	Influenza A virus	Leucophaeus modestus	Chile	09-Feb-2023		A/gray gull/Antofagasta/236047-1/2023	8	890	Chile	8	OR979590.1;OR910369.1;OR910370.1;OR910371.1;OR910372.1;OR910373.1;OR910374.1;OR979589.1	GenBank	regional_context
PP757842.1	Influenza A virus (A/great grebe/Atacama/231482-2/2023(H5N1)) clone new segment 2 polymerase PB1 (PB1) and PB1-F2 protein (PB1-F2) genes, complete cds	Influenza A virus	Podiceps major	Chile	09-Jan-2023		A/great grebe/Atacama/231482-2/2023	2	2341	Chile	1	PP757842.1	GenBank	regional_context
OR910382.1	Influenza A virus (A/chicken/Araucania/244469/2023(H5N1)) segment 8 nuclear export protein (NEP) and nonstructural protein 1 (NS1) genes, complete cds	Influenza A virus	Gallus gallus	Chile	25-Mar-2023		A/chicken/Araucania/244469/2023	8	890	Chile	8	OR910382.1;OR910375.1;OR910376.1;OR910377.1;OR910378.1;OR910379.1;OR910380.1;OR910381.1	GenBank	regional_context
OR979600.1	Influenza A virus (A/chicken/OHiggins/242581-2/2023(H5N1)) segment 6 neuraminidase (NA) gene, complete cds	Influenza A virus	Gallus gallus	Chile	16-Mar-2023		A/chicken/OHiggins/242581-2/2023	6	1458	Chile	8	OR979600.1;OR910209.1;OR910210.1;OR910211.1;OR910212.1;OR910213.1;OR979598.1;OR979599.1	GenBank	regional_context
OR979680.1	Influenza A virus (A/Burmeister's porpoise/Antofagasta/246506-2/2023(H5N1)) segment 7 matrix protein 2 (M2) and matrix protein 1 (M1) genes, complete cds	Influenza A virus	Phocoena spinipinnis	Chile	31-Mar-2023		A/Burmeister's porpoise/Antofagasta/246506-2/2023	7	1027	Chile	8	OR979680.1;OR961081.1;OR961082.1;OR961083.1;OR961084.1;OR961085.1;OR979678.1;OR979679.1	GenBank	regional_context
OR979673.1	Influenza A virus (A/Burmeister's porpoise/Atacama/245355/2023(H5N1)) segment 6 neuraminidase (NA) gene, complete cds	Influenza A virus	Phocoena spinipinnis	Chile	27-Mar-2023		A/Burmeister's porpoise/Atacama/245355/2023	6	1458	Chile	8	OR979673.1;OR961100.1;OR961101.1;OR961102.1;OR961103.1;OR961104.1;OR961105.1;OR979672.1	GenBank	regional_context
OR979635.1	Influenza A virus (A/Franklin's gull/Maule/234329-1/2023(H5N1)) segment 2 polymerase PB1 (PB1) and PB1-F2 protein (PB1-F2) genes, complete cds	Influenza A virus	Leucophaeus pipixcan	Chile	26-Jan-2023		A/Franklin's gull/Maule/234329-1/2023	2	2341	Chile	8	OR979635.1;OR961093.1;OR961094.1;OR961095.1;OR961096.1;OR961097.1;OR961098.1;OR961099.1	GenBank	regional_context
PQ318403.1	Influenza A virus (A/South polar skua/Antarctica/INACH-UC-UCHILE-SKU2/2024(H5N1)) segment 6 neuraminidase (NA) gene, complete cds	Influenza A virus	Stercorarius maccormicki	Chile	03-Mar-2024		A/South polar skua/Antarctica/INACH-UC-UCHILE-SKU2/2024	6	1458	Chile	8	PQ318403.1;PQ304430.1;PQ304431.1;PQ304432.1;PQ304433.1;PQ304434.1;PQ304435.1;PQ304436.1	GenBank	regional_context
OR979583.1	Influenza A virus (A/Peruvian booby/Coquimbo/239024/2023(H5N1)) segment 8 nuclear export protein (NEP) and nonstructural protein 1 (NS1) genes, complete cds	Influenza A virus	Sula variegata	Chile	25-Feb-2023		A/Peruvian booby/Coquimbo/239024/2023	8	890	Chile	8	OR979583.1;OR910365.1;OR910366.1;OR910367.1;OR910368.1;OR979580.1;OR979581.1;OR979582.1	GenBank	regional_context
OR910157.1	Influenza A virus (A/pelican/Bio Bio/236574/2023(H5N1)) segment 8 nuclear export protein (NEP) and nonstructural protein 1 (NS1) genes, complete cds	Influenza A virus	Pelecanus sp.	Chile	13-Feb-2023		A/pelican/Bio Bio/236574/2023	8	890	Chile	8	OR910157.1;OR910150.1;OR910151.1;OR910152.1;OR910153.1;OR910154.1;OR910155.1;OR910156.1	GenBank	regional_context
PQ304216.1	Influenza A virus (A/Sanderling/CHL/230758-2/2023(H5N1)) segment 6 neuraminidase (NA) gene, complete cds	Influenza A virus	Calidris alba	Chile	17-Mar-2023		A/Sanderling/CHL/230758-2/2023	6	1458	Chile	8	PQ304216.1;PQ304209.1;PQ304210.1;PQ304211.1;PQ304212.1;PQ304213.1;PQ304214.1;PQ304215.1	GenBank	regional_context
OR979550.1	Influenza A virus (A/band-tailed gull/Arica y Parinacota/235901-2/2023(H5N1)) segment 8 nuclear export protein (NEP) and nonstructural protein 1 (NS1) genes, complete cds	Influenza A virus	Larus belcheri	Chile	06-Feb-2023		A/band-tailed gull/Arica y Parinacota/235901-2/2023	8	890	Chile	8	OR979550.1;OR910316.1;OR910317.1;OR910318.1;OR910319.1;OR910320.1;OR910321.1;OR979549.1	GenBank	regional_context
OR287711.1	Influenza A virus (A/Pelican/Valparaiso/233418-1/2023(H5N1)) segment 3 polymerase PA (PA) gene, complete cds; and nonfunctional PA-X protein (PA-X) gene, complete sequence	Influenza A virus	Pelecanus sp.	Chile	20-Jan-2023		A/Pelican/Valparaiso/233418-1/2023	3	2233	Chile	9	OR287711.1;OR125274.1;OR125275.1;OR125276.1;OR265568.1;OR265569.1;OR265570.1;OR265571.1;OR268609.1	GenBank	regional_context
OR287714.1	Influenza A virus (A/Domestic duck/Araucania/240481-2/2023(H5N1)) segment 3 polymerase PA (PA) gene, complete cds; and nonfunctional PA-X protein (PA-X) gene, complete sequence	Influenza A virus	Anas platyrhynchos domesticus	Chile	07-Mar-2023		A/Domestic duck/Araucania/240481-2/2023	3	2233	Chile	9	OR287714.1;OR125498.1;OR125499.1;OR125500.1;OR125501.1;OR265943.1;OR265944.1;OR265945.1;OR268602.1	GenBank	regional_context
OR979634.1	Influenza A virus (A/gray gull/Tarapaca/236305/2023(H5N1)) segment 3 polymerase PA (PA) and PA-X protein (PA-X) genes, complete cds	Influenza A virus	Leucophaeus modestus	Chile	11-Feb-2023		A/gray gull/Tarapaca/236305/2023	3	2232	Chile	8	OR979634.1;OR910446.1;OR910447.1;OR910448.1;OR910449.1;OR910450.1;OR910451.1;OR979633.1	GenBank	regional_context
OR979675.1	Influenza A virus (A/Chilean dolphin/Maule/246026/2023(H5N1)) segment 3 polymerase PA (PA) and PA-X protein (PA-X) genes, complete cds	Influenza A virus	Cephalorhynchus eutropia	Chile	31-Mar-2023		A/Chilean dolphin/Maule/246026/2023	3	2232	Chile	8	OR979675.1;OR960984.1;OR960985.1;OR960986.1;OR960987.1;OR960988.1;OR960989.1;OR979674.1	GenBank	regional_context
PQ295911.1	Influenza A virus (A/Antofagasta/25945/2023(H5N1)) segment 8 nuclear export protein (NEP) and nonstructural protein 1 (NS1) genes, complete cds	Influenza A virus	Homo sapiens	Chile	24-Mar-2023	25945	A/Antofagasta/25945/2023	8	886	Chile	8	PQ295911.1;PQ295904.1;PQ295905.1;PQ295906.1;PQ295907.1;PQ295908.1;PQ295909.1;PQ295910.1	GenBank	regional_context
OQ455467.1	Influenza A virus (A/Pelican/CHL/226924-1/2022(H5N1)) segment 5 nucleocapsid protein (NP) gene, complete cds	Influenza A virus	Pelecanus thagus	Chile	06-Dec-2022		A/Pelican/CHL/226924-1/2022	5	1560	Chile	8	OQ455467.1;OQ455426.1;OQ455427.1;OQ455428.1;OQ455463.1;OQ455464.1;OQ455465.1;OQ455466.1	GenBank	regional_context
PX373594.1	Influenza A virus (A/brown skua/Antartic/A324C/2025(H5N1)) segment 7 matrix protein 2 (M2) and matrix protein 1 (M1) genes, complete cds	Influenza A virus	Stercorarius antarcticus	Chile	09-Jan-2025		A/brown skua/Antartic/A324C/2025	7	1027	Chile	8	PX373594.1;PX373587.1;PX373588.1;PX373589.1;PX373590.1;PX373591.1;PX373592.1;PX373593.1	GenBank	regional_context
OR265560.1	Influenza A virus (A/Pelican/Valparaiso/233091-1/2023(H5N1)) segment 3 polymerase PA (PA) and PA-X protein (PA-X) genes, complete cds	Influenza A virus	Pelecanus sp.	Chile	20-Jan-2023		A/Pelican/Valparaiso/233091-1/2023	3	2232	Chile	8	OR265560.1;OR125480.1;OR125481.1;OR125482.1;OR125483.1;OR125484.1;OR125485.1;OR125486.1	GenBank	regional_context
OR979568.1	Influenza A virus (A/turkey/Valparaiso/245558-4/2023(H5N1)) segment 3 polymerase PA (PA) and PA-X protein (PA-X) genes, complete cds	Influenza A virus	Meleagris gallopavo	Chile	29-Mar-2023		A/turkey/Valparaiso/245558-4/2023	3	2232	Chile	8	OR979568.1;OR910294.1;OR910295.1;OR910296.1;OR910297.1;OR910298.1;OR910299.1;OR979567.1	GenBank	regional_context
OR979623.1	Influenza A virus (A/brown-hooded gull/Los Rios/247093-1/2023(H5N1)) segment 3 polymerase PA (PA) and PA-X protein (PA-X) genes, complete cds	Influenza A virus	Chroicocephalus maculipennis	Chile	04-Apr-2023		A/brown-hooded gull/Los Rios/247093-1/2023	3	2232	Chile	8	OR979623.1;OR910452.1;OR910453.1;OR910454.1;OR910455.1;OR910456.1;OR910457.1;OR979622.1	GenBank	regional_context
OR979584.1	Influenza A virus (A/turkey/Valparaiso/245558-3/2023(H5N1)) segment 3 polymerase PA (PA) and PA-X protein (PA-X) genes, complete cds	Influenza A virus	Meleagris gallopavo	Chile	29-Mar-2023		A/turkey/Valparaiso/245558-3/2023	3	2232	Chile	8	OR979584.1;OR910387.1;OR910388.1;OR910389.1;OR910390.1;OR910391.1;OR910392.1;OR910393.1	GenBank	regional_context
OR265558.1	Influenza A virus (A/chicken/Nuble/241681-1/2023(H5N1)) segment 6 neuraminidase (NA) gene, complete cds	Influenza A virus	Gallus gallus	Chile	10-Mar-2023		A/chicken/Nuble/241681-1/2023	6	1454	Chile	8	OR265558.1;OR125381.1;OR125382.1;OR125383.1;OR125384.1;OR125385.1;OR125386.1;OR125387.1	GenBank	regional_context
PQ318382.1	Influenza A virus (A/South polar skua/Antarctica/INACH-UC-UCHILE-SKU1/2024(H5N1)) segment 6 neuraminidase (NA) gene, complete cds	Influenza A virus	Stercorarius maccormicki	Chile	03-Mar-2024		A/South polar skua/Antarctica/INACH-UC-UCHILE-SKU1/2024	6	1458	Chile	8	PQ318382.1;PQ304437.1;PQ304438.1;PQ304439.1;PQ304440.1;PQ304441.1;PQ304442.1;PQ304443.1	GenBank	regional_context
OR287710.1	Influenza A virus (A/chicken/Araucania/241892-2/2023(H5N1)) segment 3 polymerase PA (PA) gene, complete cds; and nonfunctional PA-X protein (PA-X) gene, complete sequence	Influenza A virus	Gallus gallus	Chile	14-Mar-2023		A/chicken/Araucania/241892-2/2023	3	2233	Chile	9	OR287710.1;OR125444.1;OR125445.1;OR125446.1;OR125447.1;OR125448.1;OR125449.1;OR265532.1;OR268607.1	GenBank	regional_context
PP796348.1	Influenza A virus (A/Band-tailed gull/Arica y Parinacota/232200-1/2023(H5N1)) segment 8 nuclear export protein (NEP) and nonstructural protein 1 (NS1) genes, complete cds	Influenza A virus	Larus belcheri	Chile	11-Jan-2023		A/Band-tailed gull/Arica y Parinacota/232200-1/2023	8	890	Chile	8	PP796348.1;PP796341.1;PP796342.1;PP796343.1;PP796344.1;PP796345.1;PP796346.1;PP796347.1	GenBank	regional_context
PQ412989.1	Influenza A virus (A/buff-necked ibis/Bio bio/247636-1/2023(H5N1)) segment 6 neuraminidase (NA) gene, complete cds	Influenza A virus	Theristicus caudatus	Chile	07-Apr-2023		A/buff-necked ibis/Bio bio/247636-1/2023	6	1458	Chile	8	PQ412989.1;PQ325295.1;PQ325296.1;PQ325297.1;PQ325298.1;PQ325299.1;PQ325300.1;PQ412988.1	GenBank	regional_context
OR265561.1	Influenza A virus (A/Elegant tern/Arica y Parinacota/229476-1/2022(H5N1)) segment 3 polymerase PA (PA) and PA-X protein (PA-X) genes, complete cds	Influenza A virus	Thalasseus elegans	Chile	24-Dec-2022		A/Elegant tern/Arica y Parinacota/229476-1/2022	3	2232	Chile	8	OR265561.1;OR125388.1;OR125389.1;OR125390.1;OR125391.1;OR125392.1;OR125393.1;OR125394.1	GenBank	regional_context
PQ300722.1	Influenza A virus (A/Chungungo/CHL/241436/2023(H5N1)) segment 3 polymerase PA (PA) and PA-X protein (PA-X) genes, complete cds	Influenza A virus	Lontra felina	Chile	10-Mar-2023		A/Chungungo/CHL/241436/2023	3	2233	Chile	8	PQ300722.1;PQ300715.1;PQ300716.1;PQ300717.1;PQ300718.1;PQ300719.1;PQ300720.1;PQ300721.1	GenBank	regional_context
OR986560.1	Influenza A virus (A/Peruvian booby/Coquimbo/238918/2023(H5N1)) segment 3 polymerase PA (PA) and PA-X protein (PA-X) genes, complete cds	Influenza A virus	Sula variegata	Chile	25-Feb-2023		A/Peruvian booby/Coquimbo/238918/2023	3	2232	Chile	8	OR986560.1;OR910300.1;OR910301.1;OR910302.1;OR910303.1;OR910304.1;OR910305.1;OR986559.1	GenBank	regional_context
OR287712.1	Influenza A virus (A/Great egret/Araucania/240518/2023(H5N1)) segment 3 polymerase PA (PA) gene, complete cds; and nonfunctional PA-X protein (PA-X) gene, complete sequence	Influenza A virus	Ardea alba	Chile	07-Mar-2023		A/Great egret/Araucania/240518/2023	3	2233	Chile	9	OR287712.1;OR125206.1;OR125207.1;OR265586.1;OR265587.1;OR265588.1;OR265589.1;OR265590.1;OR268603.1	GenBank	regional_context
OQ455433.1	Influenza A virus (A/Pelican/CHL/226618-1/2022(H5N1)) segment 7 matrix protein 2 (M2) and matrix protein 1 (M1) genes, complete cds	Influenza A virus	Pelecanus thagus	Chile	05-Dec-2022		A/Pelican/CHL/226618-1/2022	7	1024	Chile	8	OQ455433.1;OQ455414.1;OQ455415.1;OQ455416.1;OQ455417.1;OQ455418.1;OQ455419.1;OQ455432.1	GenBank	regional_context
PP757783.1	Influenza A virus (A/chicken/Araucania/245202/2023(H5N1)) clone new segment 3 polymerase PA (PA) gene, complete cds; and nonfunctional PA-X protein (PA-X) gene, complete sequence	Influenza A virus	Gallus gallus	Chile	28-Mar-2023		A/chicken/Araucania/245202/2023	3	2232	Chile	8	PP757783.1;OR910306.1;OR910307.1;OR910308.1;OR910309.1;OR910310.1;OR910311.1;OR979571.1	GenBank	regional_context
OR125159.1	Influenza A virus (A/South American tern/Maule/238507/2023(H5N1)) segment 8 nuclear export protein (NEP) and nonstructural protein 1 (NS1) genes, complete cds	Influenza A virus	Sterna hirundinacea	Chile	23-Feb-2023		A/South American tern/Maule/238507/2023	8	890	Chile	8	OR125159.1;OR125152.1;OR125153.1;OR125154.1;OR125155.1;OR125156.1;OR125157.1;OR125158.1	GenBank	regional_context
OR979564.1	Influenza A virus (A/chicken/Bio Bio/245039-2/2023(H5N1)) segment 1 polymerase PB2 (PB2) gene, complete cds	Influenza A virus	Gallus gallus	Chile	27-Mar-2023		A/chicken/Bio Bio/245039-2/2023	1	2341	Chile	8	OR979564.1;OR910433.1;OR910434.1;OR910435.1;OR910436.1;OR910437.1;OR910438.1;OR910439.1	GenBank	regional_context
PP799807.1	Influenza A virus (A/guanay cormorant/Atacama/235520-1/2023(H5N1)) clone new segment 3 polymerase PA (PA) and PA-X protein (PA-X) genes, complete cds	Influenza A virus	Leucocarbo bougainvillii	Chile	05-Feb-2023		A/guanay cormorant/Atacama/235520-1/2023	3	2233	Chile	1	PP799807.1	GenBank	regional_context
OR287708.1	Influenza A virus (A/chicken/Araucania/241914-1/2023(H5N1)) segment 3 polymerase PA (PA) gene, complete cds; and nonfunctional PA-X protein (PA-X) gene, complete sequence	Influenza A virus	Gallus gallus	Chile	14-Mar-2023		A/chicken/Araucania/241914-1/2023	3	2233	Chile	9	OR287708.1;OR125213.1;OR125214.1;OR125215.1;OR125216.1;OR125217.1;OR265552.1;OR265553.1;OR268614.1	GenBank	regional_context
OR979576.1	Influenza A virus (A/chicken/Maule/242133-1/2023(H5N1)) segment 8 nuclear export protein (NEP) and nonstructural protein 1 (NS1) genes, complete cds	Influenza A virus	Gallus gallus	Chile	15-Mar-2023		A/chicken/Maule/242133-1/2023	8	890	Chile	8	OR979576.1;OR910473.1;OR910474.1;OR910475.1;OR979572.1;OR979573.1;OR979574.1;OR979575.1	GenBank	regional_context
PP778674.1	Influenza A virus (A/Peruvean booby/Atacama/230579-1/2023(H5N1)) clone new segment 6 neuraminidase (NA) gene, complete cds	Influenza A virus	Sula variegata	Chile	03-Jan-2023		A/Peruvean booby/Atacama/230579-1/2023	6	1454	Chile	1	PP778674.1	GenBank	regional_context
PQ824938	Influenza A virus (A/chicken/Washington/W242850087-1/2024(H5N1)) segment 1 polymerase PB2 (PB2) gene, complete cds	Influenza A virus	chicken		2024-10-11	W242850087-1	A/chicken/Washington/W242850087-1/2024	1	2341	USA	8	PQ824938;PQ824939;PQ824940;PQ824941;PQ824942;PQ824943;PQ824944;PQ824945	GenBank	usa_distal
PQ663854	Influenza A virus (A/guineafowl/Washington/24-030328-001/2024(H5N1)) segment 1 polymerase PB2 (PB2) gene, complete cds	Influenza A virus	guineafowl		2024-10-15	24-030328-001	A/guineafowl/Washington/24-030328-001/2024	1	2341	USA	8	PQ663854;PQ663855;PQ663856;PQ663857;PQ663858;PQ663859;PQ663860;PQ663861	GenBank	usa_distal
PQ664422	Influenza A virus (A/chicken/Oregon/24-030904-001/2024(H5N1)) segment 1 polymerase PB2 (PB2) gene, complete cds	Influenza A virus	chicken		2024-10-21	24-030904-001	A/chicken/Oregon/24-030904-001/2024	1	2341	USA	8	PQ664422;PQ664423;PQ664424;PQ664425;PQ664426;PQ664427;PQ664428;PQ664429	GenBank	usa_distal
PQ797966	Influenza A virus (A/chicken/MT/24-032160-001/2024(H5N1)) segment 1 polymerase PB2 (PB2) gene, complete cds	Influenza A virus	chicken		2024-10-24	24-032160-001	A/chicken/MT/24-032160-001/2024	1	2341	USA	8	PQ797966;PQ797967;PQ797968;PQ797969;PQ797970;PQ797971;PQ797972;PQ797973	GenBank	usa_distal
PQ797950	Influenza A virus (A/chicken/CA/24-032296-001/2024(H5N1)) segment 1 polymerase PB2 (PB2) gene, complete cds	Influenza A virus	chicken		2024-10-30	24-032296-001	A/chicken/CA/24-032296-001/2024	1	2341	USA	8	PQ797950;PQ797951;PQ797952;PQ797953;PQ797954;PQ797955;PQ797956;PQ797957	GenBank	usa_distal
PQ843987	Influenza A virus (A/chicken/AK/24-034057-001-original/2024(H5N1)) segment 1 polymerase PB2 (PB2) gene, complete cds	Influenza A virus	chicken		2024-11-12	24-034057-001-original	A/chicken/AK/24-034057-001-original/2024	1	2341	USA	8	PQ843987;PQ843988;PQ843989;PQ843990;PQ843991;PQ843992;PQ843993;PQ843994	GenBank	usa_distal
PQ843403	Influenza A virus (A/Duck/AZ/24-034642-005-original/2024(H5N1)) segment 1 polymerase PB2 (PB2) gene, complete cds	Influenza A virus	Duck		2024-11-20	24-034642-005-original	A/Duck/AZ/24-034642-005-original/2024	1	2341	USA	8	PQ843403;PQ843404;PQ843405;PQ843406;PQ843407;PQ843408;PQ843409;PQ843410	GenBank	usa_distal
PQ843539	Influenza A virus (A/Turkey/UT/24-034636-001-original/2024(H5N1)) segment 1 polymerase PB2 (PB2) gene, complete cds	Influenza A virus	Turkey		2024-11-18	24-034636-001-original	A/Turkey/UT/24-034636-001-original/2024	1	2341	USA	8	PQ843539;PQ843540;PQ843541;PQ843542;PQ843543;PQ843544;PQ843545;PQ843546	GenBank	usa_distal
PQ844107	Influenza A virus (A/chicken/SD/24-033963-001-original/2024(H5N1)) segment 1 polymerase PB2 (PB2) gene, complete cds	Influenza A virus	chicken		2024-11-13	24-033963-001-original	A/chicken/SD/24-033963-001-original/2024	1	2341	USA	8	PQ844107;PQ844108;PQ844109;PQ844110;PQ844111;PQ844112;PQ844113;PQ844114	GenBank	usa_distal
PQ844123	Influenza A virus (A/chicken/WA/24-034062-001-original/2024(H5N1)) segment 1 polymerase PB2 (PB2) gene, complete cds	Influenza A virus	chicken		2024-11-13	24-034062-001-original	A/chicken/WA/24-034062-001-original/2024	1	2341	USA	8	PQ844123;PQ844124;PQ844125;PQ844126;PQ844127;PQ844128;PQ844129;PQ844130	GenBank	usa_distal
PQ825735	Influenza A virus (A/chicken/Washington/W242850087-2/2024(H5N1)) segment 1 polymerase PB2 (PB2) gene, complete cds	Influenza A virus	chicken		2024-10-11	W242850087-2	A/chicken/Washington/W242850087-2/2024	1	2341	USA	8	PQ825735;PQ825736;PQ825737;PQ825738;PQ825739;PQ825740;PQ825741;PQ825742	GenBank	usa_distal
PQ664438	Influenza A virus (A/chicken/Washington/24-030039-001/2024(H5N1)) segment 1 polymerase PB2 (PB2) gene, complete cds	Influenza A virus	chicken		2024-10-11	24-030039-001	A/chicken/Washington/24-030039-001/2024	1	2341	USA	8	PQ664438;PQ664439;PQ664440;PQ664441;PQ664442;PQ664443;PQ664444;PQ664445	GenBank	usa_distal
PQ664446	Influenza A virus (A/chicken/Washington/24-030039-002/2024(H5N1)) segment 1 polymerase PB2 (PB2) gene, complete cds	Influenza A virus	chicken		2024-10-11	24-030039-002	A/chicken/Washington/24-030039-002/2024	1	2341	USA	8	PQ664446;PQ664447;PQ664448;PQ664449;PQ664450;PQ664451;PQ664452;PQ664453	GenBank	usa_distal
PQ663862	Influenza A virus (A/guineafowl/Washington/24-030328-002/2024(H5N1)) segment 1 polymerase PB2 (PB2) gene, complete cds	Influenza A virus	guineafowl		2024-10-15	24-030328-002	A/guineafowl/Washington/24-030328-002/2024	1	2341	USA	8	PQ663862;PQ663863;PQ663864;PQ663865;PQ663866;PQ663867;PQ663868;PQ663869	GenBank	usa_distal
PQ664454	Influenza A virus (A/chicken/Washington/24-031352-001/2024(H5N1)) segment 1 polymerase PB2 (PB2) gene, complete cds	Influenza A virus	chicken		2024-10-21	24-031352-001	A/chicken/Washington/24-031352-001/2024	1	2341	USA	8	PQ664454;PQ664455;PQ664456;PQ664457;PQ664458;PQ664459;PQ664460;PQ664461	GenBank	usa_distal
PQ664462	Influenza A virus (A/chicken/Washington/24-031352-002/2024(H5N1)) segment 1 polymerase PB2 (PB2) gene, complete cds	Influenza A virus	chicken		2024-10-21	24-031352-002	A/chicken/Washington/24-031352-002/2024	1	2341	USA	8	PQ664462;PQ664463;PQ664464;PQ664465;PQ664466;PQ664467;PQ664468;PQ664469	GenBank	usa_distal
PQ664470	Influenza A virus (A/chicken/Washington/24-031352-003/2024(H5N1)) segment 1 polymerase PB2 (PB2) gene, complete cds	Influenza A virus	chicken		2024-10-21	24-031352-003	A/chicken/Washington/24-031352-003/2024	1	2341	USA	8	PQ664470;PQ664471;PQ664472;PQ664473;PQ664474;PQ664475;PQ664476;PQ664477	GenBank	usa_distal
PQ664430	Influenza A virus (A/chicken/Oregon/24-030904-002/2024(H5N1)) segment 1 polymerase PB2 (PB2) gene, complete cds	Influenza A virus	chicken		2024-10-21	24-030904-002	A/chicken/Oregon/24-030904-002/2024	1	2341	USA	8	PQ664430;PQ664431;PQ664432;PQ664433;PQ664434;PQ664435;PQ664436;PQ664437	GenBank	usa_distal
PQ797974	Influenza A virus (A/chicken/MT/24-032160-002-original/2024(H5N1)) segment 1 polymerase PB2 (PB2) gene, complete cds	Influenza A virus	chicken		2024-10-24	24-032160-002-original	A/chicken/MT/24-032160-002-original/2024	1	2341	USA	8	PQ797974;PQ797975;PQ797976;PQ797977;PQ797978;PQ797979;PQ797980;PQ797981	GenBank	usa_distal
PQ797982	Influenza A virus (A/chicken/MT/24-032160-003/2024(H5N1)) segment 1 polymerase PB2 (PB2) gene, complete cds	Influenza A virus	chicken		2024-10-24	24-032160-003	A/chicken/MT/24-032160-003/2024	1	2341	USA	8	PQ797982;PQ797983;PQ797984;PQ797985;PQ797986;PQ797987;PQ797988;PQ797989	GenBank	usa_distal
PQ797990	Influenza A virus (A/chicken/MT/24-032160-004/2024(H5N1)) segment 1 polymerase PB2 (PB2) gene, complete cds	Influenza A virus	chicken		2024-10-24	24-032160-004	A/chicken/MT/24-032160-004/2024	1	2341	USA	8	PQ797990;PQ797991;PQ797992;PQ797993;PQ797994;PQ797995;PQ797996;PQ797997	GenBank	usa_distal
PQ798062	Influenza A virus (A/goose/OR/24-032167-001/2024(H5N1)) segment 1 polymerase PB2 (PB2) gene, complete cds	Influenza A virus	goose		2024-10-28	24-032167-001	A/goose/OR/24-032167-001/2024	1	2341	USA	8	PQ798062;PQ798063;PQ798064;PQ798065;PQ798066;PQ798067;PQ798068;PQ798069	GenBank	usa_distal
PQ798070	Influenza A virus (A/goose/OR/24-032167-002/2024(H5N1)) segment 1 polymerase PB2 (PB2) gene, complete cds	Influenza A virus	goose		2024-10-28	24-032167-002	A/goose/OR/24-032167-002/2024	1	2341	USA	8	PQ798070;PQ798071;PQ798072;PQ798073;PQ798074;PQ798075;PQ798076;PQ798077	GenBank	usa_distal
PQ797998	Influenza A virus (A/chicken/WA/24-032191-001/2024(H5N1)) segment 1 polymerase PB2 (PB2) gene, complete cds	Influenza A virus	chicken		2024-10-30	24-032191-001	A/chicken/WA/24-032191-001/2024	1	2341	USA	8	PQ797998;PQ797999;PQ798000;PQ798001;PQ798002;PQ798003;PQ798004;PQ798005	GenBank	usa_distal
PQ798006	Influenza A virus (A/chicken/WA/24-032191-002/2024(H5N1)) segment 1 polymerase PB2 (PB2) gene, complete cds	Influenza A virus	chicken		2024-10-30	24-032191-002	A/chicken/WA/24-032191-002/2024	1	2341	USA	8	PQ798006;PQ798007;PQ798008;PQ798009;PQ798010;PQ798011;PQ798012;PQ798013	GenBank	usa_distal
PQ798030	Influenza A virus (A/chicken/WA/24-032192-001/2024(H5N1)) segment 1 polymerase PB2 (PB2) gene, complete cds	Influenza A virus	chicken		2024-10-28	24-032192-001	A/chicken/WA/24-032192-001/2024	1	2341	USA	8	PQ798030;PQ798031;PQ798032;PQ798033;PQ798034;PQ798035;PQ798036;PQ798037	GenBank	usa_distal
PQ798038	Influenza A virus (A/chicken/WA/24-032809-001/2024(H5N1)) segment 1 polymerase PB2 (PB2) gene, complete cds	Influenza A virus	chicken		2024-11-05	24-032809-001	A/chicken/WA/24-032809-001/2024	1	2341	USA	8	PQ798038;PQ798039;PQ798040;PQ798041;PQ798042;PQ798043;PQ798044;PQ798045	GenBank	usa_distal
PQ844131	Influenza A virus (A/goose/WA/24-033829-001-original/2024(H5N1)) segment 1 polymerase PB2 (PB2) gene, complete cds	Influenza A virus	goose		2024-11-12	24-033829-001-original	A/goose/WA/24-033829-001-original/2024	1	2341	USA	8	PQ844131;PQ844132;PQ844133;PQ844134;PQ844135;PQ844136;PQ844137;PQ844138	GenBank	usa_distal
PQ843995	Influenza A virus (A/chicken/AK/24-034057-002-original/2024(H5N1)) segment 1 polymerase PB2 (PB2) gene, complete cds	Influenza A virus	chicken		2024-11-12	24-034057-002-original	A/chicken/AK/24-034057-002-original/2024	1	2341	USA	8	PQ843995;PQ843996;PQ843997;PQ843998;PQ843999;PQ844000;PQ844001;PQ844002	GenBank	usa_distal
PQ844003	Influenza A virus (A/chicken/AK/24-034057-003-original/2024(H5N1)) segment 1 polymerase PB2 (PB2) gene, complete cds	Influenza A virus	chicken		2024-11-12	24-034057-003-original	A/chicken/AK/24-034057-003-original/2024	1	2341	USA	8	PQ844003;PQ844004;PQ844005;PQ844006;PQ844007;PQ844008;PQ844009;PQ844010	GenBank	usa_distal
PQ844011	Influenza A virus (A/chicken/AK/24-034057-004-original/2024(H5N1)) segment 1 polymerase PB2 (PB2) gene, complete cds	Influenza A virus	chicken		2024-11-12	24-034057-004-original	A/chicken/AK/24-034057-004-original/2024	1	2341	USA	8	PQ844011;PQ844012;PQ844013;PQ844014;PQ844015;PQ844016;PQ844017;PQ844018	GenBank	usa_neighbor
PQ892931	Influenza A virus (A/chicken/Alaska/24-035126-001/2024(H5N1)) segment 1 polymerase PB2 (PB2) gene, complete cds	Influenza A virus	chicken		2024-11-21	24-035126-001	A/chicken/Alaska/24-035126-001/2024	1	2341	USA	8	PQ892931;PQ892932;PQ892933;PQ892934;PQ892935;PQ892936;PQ892937;PQ892938	GenBank	usa_neighbor
PQ892939	Influenza A virus (A/chicken/Alaska/24-035126-002/2024(H5N1)) segment 1 polymerase PB2 (PB2) gene, complete cds	Influenza A virus	chicken		2024-11-21	24-035126-002	A/chicken/Alaska/24-035126-002/2024	1	2341	USA	8	PQ892939;PQ892940;PQ892941;PQ892942;PQ892943;PQ892944;PQ892945;PQ892946	GenBank	usa_neighbor
PQ844019	Influenza A virus (A/chicken/AZ/24-034642-003-original/2024(H5N1)) segment 1 polymerase PB2 (PB2) gene, complete cds	Influenza A virus	chicken		2024-11-20	24-034642-003-original	A/chicken/AZ/24-034642-003-original/2024	1	2341	USA	8	PQ844019;PQ844020;PQ844021;PQ844022;PQ844023;PQ844024;PQ844025;PQ844026	GenBank	usa_neighbor
PQ844027	Influenza A virus (A/chicken/AZ/24-034642-004-original/2024(H5N1)) segment 1 polymerase PB2 (PB2) gene, complete cds	Influenza A virus	chicken		2024-11-20	24-034642-004-original	A/chicken/AZ/24-034642-004-original/2024	1	2341	USA	8	PQ844027;PQ844028;PQ844029;PQ844030;PQ844031;PQ844032;PQ844033;PQ844034	GenBank	usa_neighbor
PQ843507	Influenza A virus (A/Turkey/AZ/24-034642-006-original/2024(H5N1)) segment 1 polymerase PB2 (PB2) gene, complete cds	Influenza A virus	Turkey		2024-11-20	24-034642-006-original	A/Turkey/AZ/24-034642-006-original/2024	1	2341	USA	8	PQ843507;PQ843508;PQ843509;PQ843510;PQ843511;PQ843512;PQ843513;PQ843514	GenBank	usa_neighbor
PQ844043	Influenza A virus (A/chicken/CA/24-034441-001-original/2024(H5N1)) segment 1 polymerase PB2 (PB2) gene, complete cds	Influenza A virus	chicken		2024-11-18	24-034441-001-original	A/chicken/CA/24-034441-001-original/2024	1	2341	USA	8	PQ844043;PQ844044;PQ844045;PQ844046;PQ844047;PQ844048;PQ844049;PQ844050	GenBank	usa_neighbor
PQ844051	Influenza A virus (A/chicken/CA/24-034441-003-original/2024(H5N1)) segment 1 polymerase PB2 (PB2) gene, complete cds	Influenza A virus	chicken		2024-11-18	24-034441-003-original	A/chicken/CA/24-034441-003-original/2024	1	2341	USA	8	PQ844051;PQ844052;PQ844053;PQ844054;PQ844055;PQ844056;PQ844057;PQ844058	GenBank	usa_neighbor
PQ844059	Influenza A virus (A/chicken/CA/24-034655-001-original/2024(H5N1)) segment 1 polymerase PB2 (PB2) gene, complete cds	Influenza A virus	chicken		2024-11-18	24-034655-001-original	A/chicken/CA/24-034655-001-original/2024	1	2341	USA	8	PQ844059;PQ844060;PQ844061;PQ844062;PQ844063;PQ844064;PQ844065;PQ844066	GenBank	usa_neighbor
PV059862	Influenza A virus (A/duck/California/24-035869-001-R/2024(H5N1)) segment 1 polymerase PB2 (PB2) gene, complete cds	Influenza A virus	duck		2024-11-25	24-035869-001-R	A/duck/California/24-035869-001-R/2024	1	2341	USA	8	PV059862;PV059863;PV059864;PV059865;PV059866;PV059867;PV059868;PV059869	GenBank	usa_neighbor
PQ892947	Influenza A virus (A/chicken/Kansas/24-035703-001/2024(H5N1)) segment 1 polymerase PB2 (PB2) gene, complete cds	Influenza A virus	chicken		2024-12-02	24-035703-001	A/chicken/Kansas/24-035703-001/2024	1	2341	USA	8	PQ892947;PQ892948;PQ892949;PQ892950;PQ892951;PQ892952;PQ892953;PQ892954	GenBank	usa_neighbor
PQ892955	Influenza A virus (A/chicken/Kansas/24-035703-002/2024(H5N1)) segment 1 polymerase PB2 (PB2) gene, complete cds	Influenza A virus	chicken		2024-12-02	24-035703-002	A/chicken/Kansas/24-035703-002/2024	1	2341	USA	8	PQ892955;PQ892956;PQ892957;PQ892958;PQ892959;PQ892960;PQ892961;PQ892962	GenBank	usa_neighbor
PQ892963	Influenza A virus (A/chicken/Oklahoma/24-035675-001/2024(H5N1)) segment 1 polymerase PB2 (PB2) gene, complete cds	Influenza A virus	chicken		2024-11-29	24-035675-001	A/chicken/Oklahoma/24-035675-001/2024	1	2341	USA	8	PQ892963;PQ892964;PQ892965;PQ892966;PQ892967;PQ892968;PQ892969;PQ892970	GenBank	usa_neighbor
PQ892971	Influenza A virus (A/chicken/Oklahoma/24-035675-002/2024(H5N1)) segment 1 polymerase PB2 (PB2) gene, complete cds	Influenza A virus	chicken		2024-11-29	24-035675-002	A/chicken/Oklahoma/24-035675-002/2024	1	2341	USA	8	PQ892971;PQ892972;PQ892973;PQ892974;PQ892975;PQ892976;PQ892977;PQ892978	GenBank	usa_neighbor
PQ892979	Influenza A virus (A/chicken/Oklahoma/24-035675-003/2024(H5N1)) segment 1 polymerase PB2 (PB2) gene, complete cds	Influenza A virus	chicken		2024-11-29	24-035675-003	A/chicken/Oklahoma/24-035675-003/2024	1	2341	USA	8	PQ892979;PQ892980;PQ892981;PQ892982;PQ892983;PQ892984;PQ892985;PQ892986	GenBank	usa_neighbor
PQ892667	Influenza A virus (A/turkey/South_Dakota/24-035157-001/2024(H5N1)) segment 1 polymerase PB2 (PB2) gene, complete cds	Influenza A virus	turkey		2024-11-24	24-035157-001	A/turkey/South_Dakota/24-035157-001/2024	1	2341	USA	8	PQ892667;PQ892668;PQ892669;PQ892670;PQ892671;PQ892672;PQ892673;PQ892674	GenBank	usa_neighbor
PQ892699	Influenza A virus (A/turkey/South_Dakota/24-035288-001/2024(H5N1)) segment 1 polymerase PB2 (PB2) gene, complete cds	Influenza A virus	turkey		2024-11-25	24-035288-001	A/turkey/South_Dakota/24-035288-001/2024	1	2341	USA	8	PQ892699;PQ892700;PQ892701;PQ892702;PQ892703;PQ892704;PQ892705;PQ892706	GenBank	usa_neighbor
PQ892723	Influenza A virus (A/turkey/South_Dakota/24-035687-001/2024(H5N1)) segment 1 polymerase PB2 (PB2) gene, complete cds	Influenza A virus	turkey		2024-12-01	24-035687-001	A/turkey/South_Dakota/24-035687-001/2024	1	2341	USA	8	PQ892723;PQ892724;PQ892725;PQ892726;PQ892727;PQ892728;PQ892729;PQ892730	GenBank	usa_neighbor
PQ892571	Influenza A virus (A/duck/Utah/24-035686-002/2024(H5N1)) segment 1 polymerase PB2 (PB2) gene, complete cds	Influenza A virus	duck		2024-11-27	24-035686-002	A/duck/Utah/24-035686-002/2024	1	2341	USA	8	PQ892571;PQ892572;PQ892573;PQ892574;PQ892575;PQ892576;PQ892577;PQ892578	GenBank	usa_neighbor
PV070706	Influenza A virus (A/duck/Idaho/24-037521-001/2024(H5N1)) segment 1 polymerase PB2 (PB2) gene, complete cds	Influenza A virus	duck		2024-12-12	24-037521-001	A/duck/Idaho/24-037521-001/2024	1	2341	USA	8	PV070706;PV070707;PV070708;PV070709;PV070710;PV070711;PV070712;PV070713	GenBank	usa_neighbor
OP590530.1	Influenza A virus (A/pintail/Egypt/RA19853OP/2021(H5N1)) segment 1 polymerase PB2 (PB2) gene, complete cds	Influenza A virus	pintail	Egypt	2021	RA19853OP	A/pintail/Egypt/RA19853OP/2021	1	2341	Egypt	8	OP590530.1;OP590531.1;OP590532.1;OP590533.1;OP590534.1;OP590535.1;OP590536.1;OP590537.1	GenBank	eurasian_anchor_core
PV888730.1	Influenza A virus (A/chicken/Netherlands/20019879-001005/2020(H5N1)) segment 1 polymerase PB2 (PB2) gene, complete cds	Influenza A virus	chicken	Netherlands	2020-12-14	20019879-001005	A/chicken/Netherlands/20019879-001005/2020	1	2316	Netherlands	8	PV888730.1;PV888731.1;PV888729.1;PV888733.1;PV888726.1;PV888732.1;PV888728.1;PV888727.1	GenBank	eurasian_anchor_core
OL638152.1	Influenza A virus (A/goose/Czech Republic/18520-2/2021(H5N1)) segment 1 polymerase PB2 (PB2) gene, complete cds	Influenza A virus	goose	Czech Republic	27-Sep-2021	18520-2	A/goose/Czech Republic/18520-2/2021	1	2298	Czech Republic	8	OL638152.1;OL638151.1;OL638150.1;OL638145.1;OL638148.1;OL638147.1;OL638146.1;OL638149.1	GenBank	eurasian_anchor_core
PX662729.1	Influenza A virus (A/wild goose/Germany-SH/2025AI04294/2025(H5N1)) segment 1 polymerase PB2 (PB2) gene, complete cds	Influenza A virus	wild goose	Germany-SH	2025	2025AI04294	A/wild goose/Germany-SH/2025AI04294/2025	1	2316	Germany-SH	8	PX662729.1;PX662730.1;PX662731.1;PX662732.1;PX662733.1;PX662734.1;PX662735.1;PX662736.1	GenBank	eurasian_anchor_core
PX662721.1	Influenza A virus (A/wild goose/Germany-NI/2025AI04302/2025(H5N1)) segment 1 polymerase PB2 (PB2) gene, complete cds	Influenza A virus	wild goose	Germany-NI	2025	2025AI04302	A/wild goose/Germany-NI/2025AI04302/2025	1	2316	Germany-NI	8	PX662721.1;PX662722.1;PX662723.1;PX662724.1;PX662725.1;PX662726.1;PX662727.1;PX662728.1	GenBank	eurasian_anchor_core
PV653844.1	Influenza A virus (A/Gallus Gallus domesticus/Serbia/01-6035/2024(H5N1)) segment 1 polymerase PB2 (PB2) gene, complete cds	Influenza A virus	Gallus Gallus domesticus	Serbia	2024	01-6035	A/Gallus Gallus domesticus/Serbia/01-6035/2024	1	2292	Serbia	8	PV653844.1;PV653845.1;PV653843.1;PV653842.1;PV653846.1;PV653847.1;PV653848.1;PV653849.1	GenBank	eurasian_anchor_core
OR634764.1	Influenza A virus (A/Black-headed seagull/France/22-1200R2/2022(H5N1)) segment 1 polymerase PB2 (PB2) gene, complete cds	Influenza A virus	Black-headed seagull	France	2022	22-1200R2	A/Black-headed seagull/France/22-1200R2/2022	1	2280	France	8	OR634764.1;OR634765.1;OR634766.1;OR634767.1;OR634768.1;OR634769.1;OR634770.1;OR634771.1	GenBank	eurasian_anchor_core
PQ278125.1	Influenza A virus (A/chicken/China/Cangzhou03/2023(H5N1)) segment 1 polymerase PB2 (PB2) gene, complete cds	Influenza A virus	chicken	China	28-Dec-2023	Cangzhou03	A/chicken/China/Cangzhou03/2023	1	2337	China	8	PQ278125.1;PQ278128.1;PQ278127.1;PQ278123.1;PQ278126.1;PQ278130.1;PQ278129.1;PQ278124.1	GenBank	eurasian_anchor_optional
PP348269.1	Influenza A virus (A/Eurasian wigeon/South Korea/23WS022-22/2023(H5N1)) segment 1 polymerase PB2 (PB2) gene, complete cds	Influenza A virus	Eurasian wigeon	South Korea	2023	23WS022-22	A/Eurasian wigeon/South Korea/23WS022-22/2023	1	2280	South Korea	8	PP348269.1;PP348270.1;PP348271.1;PP348272.1;PP348273.1;PP348274.1;PP348275.1;PP348276.1	GenBank	eurasian_anchor_east_context
LC765306.1	Influenza A virus (A/crow/Miyagi/TU69-55/2023(H5N1)) viral cRNA, segment 1, complete sequence	Influenza A virus	crow	Japan	2023	TU69-55	A/crow/Miyagi/TU69-55/2023	1	2323	Japan	8	LC765306.1;LC765307.1;LC765308.1;LC765309.1;LC765310.1;LC765311.1;LC765312.1;LC765313.1	GenBank	eurasian_anchor_east_context
LC765290.1	Influenza A virus (A/crow/Fukuoka/TU48-37/2022(H5N1)) viral cRNA, segment 1, complete sequence	Influenza A virus	crow	Japan	2022	TU48-37	A/crow/Fukuoka/TU48-37/2022	1	2323	Japan	8	LC765290.1;LC765291.1;LC765292.1;LC765293.1;LC765294.1;LC765295.1;LC765296.1;LC765297.1	GenBank	eurasian_anchor_east_context
LC775576.1	Influenza A virus A/white-tailed eagle/Japan/OU-1/2022 H5N1 viral cRNA, segment 1, complete sequence	Influenza A virus	white-tailed eagle	Japan	2022	OU-1	A/white-tailed eagle/Japan/OU-1/2022	1	2330	Japan	8	LC775576.1;LC775577.1;LC775578.1;LC775579.1;LC775580.1;LC775581.1;LC775582.1;LC775583.1	GenBank	eurasian_anchor_east_context
OP470796	Influenza A virus (A/snow goose/Kentucky/W22-092/2022(H5N1)) segment 1 polymerase PB2 (PB2) gene, complete cds	Influenza A virus	snow goose		2022-02-08	W22-092	A/snow goose/Kentucky/W22-092/2022	1	2341	USA	8	OP470796;OP470795;OP470794;OP470789;OP470792;OP470790;OP470791;OP470793	GenBank	american_anchor
OQ968065	Influenza A virus (A/goose/Wyoming/22-010159-001/2022(H5N1)) segment 1 polymerase PB2 (PB2) gene, complete cds	Influenza A virus	goose		2022-04-04	22-010159-001	A/goose/Wyoming/22-010159-001/2022	1	2341	USA	8	OQ968065;OQ968066;OQ968067;OQ968068;OQ968069;OQ968070;OQ968071;OQ968072	GenBank	american_anchor
OQ968073	Influenza A virus (A/goose/Wyoming/22-010936-001/2022(H5N1)) segment 1 polymerase PB2 (PB2) gene, complete cds	Influenza A virus	goose		2022-04-07	22-010936-001	A/goose/Wyoming/22-010936-001/2022	1	2341	USA	8	OQ968073;OQ968074;OQ968075;OQ968076;OQ968077;OQ968078;OQ968079;OQ968080	GenBank	american_anchor
OQ968033	Influenza A virus (A/goose/Minnesota/22-011138-001/2022(H5N1)) segment 1 polymerase PB2 (PB2) gene, complete cds	Influenza A virus	goose		2022-04-11	22-011138-001	A/goose/Minnesota/22-011138-001/2022	1	2341	USA	8	OQ968033;OQ968034;OQ968035;OQ968036;OQ968037;OQ968038;OQ968039;OQ968040	GenBank	american_anchor
OQ968041	Influenza A virus (A/goose/Minnesota/22-011138-002/2022(H5N1)) segment 1 polymerase PB2 (PB2) gene, complete cds	Influenza A virus	goose		2022-04-11	22-011138-002	A/goose/Minnesota/22-011138-002/2022	1	2341	USA	8	OQ968041;OQ968042;OQ968043;OQ968044;OQ968045;OQ968046;OQ968047;OQ968048	GenBank	american_anchor
OQ968049	Influenza A virus (A/goose/Minnesota/22-012373-002/2022(H5N1)) segment 1 polymerase PB2 (PB2) gene, complete cds	Influenza A virus	goose		2022-04-21	22-012373-002	A/goose/Minnesota/22-012373-002/2022	1	2341	USA	8	OQ968049;OQ968050;OQ968051;OQ968052;OQ968053;OQ968054;OQ968055;OQ968056	GenBank	american_anchor
OQ968009	Influenza A virus (A/chicken/Wisconsin/22-011334-002/2022(H5N1)) segment 1 polymerase PB2 (PB2) gene, complete cds	Influenza A virus	chicken		2022-04-13	22-011334-002	A/chicken/Wisconsin/22-011334-002/2022	1	2341	USA	8	OQ968009;OQ968010;OQ968011;OQ968012;OQ968013;OQ968014;OQ968015;OQ968016	GenBank	american_anchor
OQ968025	Influenza A virus (A/goose/Alaska/22-013831-003/2022(H5N1)) segment 1 polymerase PB2 (PB2) gene, complete cds	Influenza A virus	goose		2022-04-27	22-013831-003	A/goose/Alaska/22-013831-003/2022	1	2341	USA	8	OQ968025;OQ968026;OQ968027;OQ968028;OQ968029;OQ968030;OQ968031;OQ968032	GenBank	american_anchor
