sample_full_id	short_code	present_trees	baseline_group	baseline_votes	secondary_group	secondary_group_votes	alert_in_other_group	inconsistent_trees	inconsistent_groups	inconsistent_trees_any_support	inconsistent_groups_any_support	outside_main_groups_trees	low_support_no_call_trees	tree_group_map	tree_support_map	tree_distance_margin_map	representative_neighbors	concat_group	concat_support	ambiguity_flag
Flu-0023/Manabi/2023	Flu-0023	HA;NP;NA;MP;NS	flu2024	flu2024:3;guayas2023:2	guayas2023	2	yes	NP;MP	NP:guayas2023;MP:guayas2023	NP;MP	NP:guayas2023;MP:guayas2023		MP;NA	HA:flu2024;NP:guayas2023;NA:flu2024;MP:guayas2023;NS:flu2024	HA:87.08;NP:89.88;NA:17.43;MP:41.67;NS:85.65	HA:0.001042;NP:0.006713;NA:0.001398;MP:0.006377;NS:0.001262	HA:OR265639.1__regional_context/Chile/2023;OR979583.1__regional_context/Chile/2023;OR986560.1__regional_context/Chile/2023;OR979631.1__regional_context/Chile/2023;NEC_86_PQ500559.1__regional_context/Argentina/2023;NP:NP_5_PP692236.1__regional_context/Peru/2023;NA:CH-PD035_PP488317.1__regional_context/Argentina/2023;PP778674.1__regional_context/Chile/2023;25945_PQ295911.1__regional_context/Chile/2023;OR265560.1__regional_context/Chile/2023;OR125159.1__regional_context/Chile/2023;MP:M_7_PP692238.1__regional_context/Peru/2023;NS:Flu-0451/Bolivar/2023;Flu-0018/SantaElena/2023;NEP_8_PP692239.1__regional_context/Peru/2023;PP757783.1__regional_context/Chile/2023;PQ412989.1__regional_context/Chile/2023			no
Flu-0679/UNKNOWN/2025	Flu-0679	MP;NS	pichincha0694	flu2024:1;pichincha0694:1	flu2024	1	no	NS	NS:flu2024	NS	NS:flu2024		NS	MP:pichincha0694;NS:flu2024	MP:100.00;NS:50.25	MP:0.186892;NS:0.015533	MP:Flu-0694/UNKNOWN/UNKNOWN;Flu-0716/Pichincha/2025;Flu-0712/UNKNOWN/2025;Flu-0713/Pichincha/2025;Flu-0714/Pichincha/2025;NS:Flu-0330/UNKNOWN/2023			no
Flu-0680/UNKNOWN/2025	Flu-0680	MP;NS	pichincha0694	flu2024:1;pichincha0694:1	flu2024	1	no	NS	NS:flu2024	NS	NS:flu2024		NS	MP:pichincha0694;NS:flu2024	MP:100.00;NS:50.25	MP:0.186886;NS:0.015533	MP:Flu-0694/UNKNOWN/UNKNOWN;Flu-0716/Pichincha/2025;Flu-0712/UNKNOWN/2025;Flu-0713/Pichincha/2025;Flu-0714/Pichincha/2025;NS:Flu-0326/UNKNOWN/2023;Flu-0323/UNKNOWN/2023;Flu-0325/UNKNOWN/2023;Flu-0736/UNKNOWN/2025;Flu-0739/UNKNOWN/2025			no
Flu-0688/UNKNOWN/2025	Flu-0688	MP;NS	pichincha0694	flu2024:1;pichincha0694:1	flu2024	1	no	NS	NS:flu2024	NS	NS:flu2024		NS	MP:pichincha0694;NS:flu2024	MP:100.00;NS:65.10	MP:0.186896;NS:0.015533	MP:Flu-0694/UNKNOWN/UNKNOWN;Flu-0716/Pichincha/2025;Flu-0712/UNKNOWN/2025;Flu-0713/Pichincha/2025;Flu-0714/Pichincha/2025;NS:Flu-0326/UNKNOWN/2023;Flu-0323/UNKNOWN/2023;Flu-0325/UNKNOWN/2023;Flu-0736/UNKNOWN/2025;Flu-0739/UNKNOWN/2025			no
Flu-0694/UNKNOWN/UNKNOWN	Flu-0694	PB2;PA;HA;NP;NA;MP;NS	flu2024	flu2024:6;pichincha0694:1	pichincha0694	1	no	MP	MP:pichincha0694	MP	MP:pichincha0694		PA;PB2	PB2:flu2024;PA:flu2024;HA:flu2024;NP:flu2024;NA:flu2024;MP:pichincha0694;NS:flu2024	PB2:43.42;PA:13.33;HA:96.64;NP:89.88;NA:89.26;MP:100.00;NS:86.13	PB2:0.004095;PA:0.001096;HA:0.003890;NP:0.003833;NA:0.004143;MP:0.001572;NS:0.001006	PB2:2025AI04294_PX662729.1__eurasian_anchor_core/GermanySh/2025;2025AI04302_PX662721.1__eurasian_anchor_core/GermanyNi/2025;01-6035_PV653844.1__eurasian_anchor_core/Serbia/2024;Cangzhou03_PQ278125.1__eurasian_anchor_optional/China/2023;RA19853OP_OP590530.1__eurasian_anchor_core/Egypt/2021;PA:24-031352-002_PQ664462__usa_distal/Usa/2024;24-031352-003_PQ664470__usa_distal/Usa/2024;24-033963-001-original_PQ844107__american_anchor/Usa/2024;24-035157-001_PQ892667__usa_neighbor/Usa/2024;24-035703-001_PQ892947__usa_neighbor/Usa/2024;HA:Pantanal1403_PQ135843.1__regional_context/Brazil/2023;NP:Flu-0692/UNKNOWN/UNKNOWN;NA:Flu-0711/UNKNOWN/2025;Flu-0692/UNKNOWN/UNKNOWN;MP:Flu-0716/Pichincha/2025;NS:Flu-0692/UNKNOWN/UNKNOWN			no
Flu-0008/SantaElena/2023	Flu-0008	NS	flu2024	flu2024:1			no						NS	NS:flu2024	NS:43.56	NS:0.015531	NS:Flu-0613/UNKNOWN/2024;Flu-0610/UNKNOWN/2024;Flu-0611/UNKNOWN/2024;Flu-0641/UNKNOWN/2024;Flu-0027/SantaElena/2023			no
Flu-0009/UNKNOWN/2023	Flu-0009	NP;NA;MP;NS	flu2024	flu2024:4			no						NA;NP;NS	NP:flu2024;NA:flu2024;MP:flu2024;NS:flu2024	NP:22.84;NA:48.02;MP:79.47;NS:43.56	NP:0.009254;NA:0.011403;MP:0.010258;NS:0.015531	NP:Flu-0035/Esmeraldas/2023;NA:Flu-0599/UNKNOWN/2024;Flu-0586/UNKNOWN/2024;MP:Flu-0035/Esmeraldas/2023;NS:Flu-0035/Esmeraldas/2023			no
Flu-0011/UNKNOWN/2023	Flu-0011	MP;NS	flu2024	flu2024:2			no						NS	MP:flu2024;NS:flu2024	MP:82.10;NS:26.00	MP:0.010252;NS:0.015531	MP:Flu-0658/UNKNOWN/2024;NS:Flu-0633/UNKNOWN/2024;Flu-0597/UNKNOWN/2024;Flu-0009/UNKNOWN/2023;Flu-0035/Esmeraldas/2023;Flu-0654/UNKNOWN/2024			no
Flu-0013/UNKNOWN/2023	Flu-0013	HA;NP;NA;MP;NS	flu2024	flu2024:5			no						HA;NS	HA:flu2024;NP:flu2024;NA:flu2024;MP:flu2024;NS:flu2024	HA:24.25;NP:89.88;NA:74.14;MP:79.47;NS:43.56	HA:0.011246;NP:0.009314;NA:0.011400;MP:0.010257;NS:0.015536	HA:Flu-0641/UNKNOWN/2024;NP:Flu-0641/UNKNOWN/2024;NA:Flu-0641/UNKNOWN/2024;MP:Flu-0586/UNKNOWN/2024;Flu-0593/UNKNOWN/2024;Flu-0592/UNKNOWN/2024;Flu-0009/UNKNOWN/2023;Flu-0035/Esmeraldas/2023;NS:Flu-0641/UNKNOWN/2024;Flu-0027/SantaElena/2023			no
Flu-0014/SantaElena/2023	Flu-0014	NS	flu2024	flu2024:1			no							NS:flu2024	NS:85.65	NS:0.001262	NS:Flu-0018/SantaElena/2023;NEP_8_PP692239.1__regional_context/Peru/2023;PP757783.1__regional_context/Chile/2023;PQ412989.1__regional_context/Chile/2023			no
Flu-0018/SantaElena/2023	Flu-0018	NS	flu2024	flu2024:1			no							NS:flu2024	NS:85.65	NS:0.001262	NS:NEP_8_PP692239.1__regional_context/Peru/2023;PP757783.1__regional_context/Chile/2023;PQ412989.1__regional_context/Chile/2023			no
Flu-0027/SantaElena/2023	Flu-0027	MP;NS	flu2024	flu2024:2			no						NS	MP:flu2024;NS:flu2024	MP:79.47;NS:43.56	MP:0.010257;NS:0.015536	MP:Flu-0610/UNKNOWN/2024;Flu-0641/UNKNOWN/2024;NS:Flu-0641/UNKNOWN/2024			no
Flu-0035/Esmeraldas/2023	Flu-0035	NP;MP;NS	flu2024	flu2024:3			no						NP;NS	NP:flu2024;MP:flu2024;NS:flu2024	NP:22.84;MP:79.47;NS:43.56	NP:0.009253;MP:0.010258;NS:0.015531	NP:Flu-0009/UNKNOWN/2023;MP:Flu-0009/UNKNOWN/2023;NS:Flu-0009/UNKNOWN/2023			no
Flu-0055/Manabi/2023	Flu-0055	MP	guayas2023	guayas2023:1			no							MP:guayas2023	MP:82.52	MP:0.006356	MP:A267_OR591763.1__regional_context/Peru/2022;A275_OR591761.1__regional_context/Peru/2022;OR986563.1__regional_context/Chile/2023			no
Flu-0205/Guayas/2023	Flu-0205	MP	guayas2023	guayas2023:1			no						MP	MP:guayas2023	MP:50.60	MP:0.009448	MP:Flu-0206/Guayas/2023			no
Flu-0206/Guayas/2023	Flu-0206	MP;NS	guayas2023	guayas2023:2			no						MP	MP:guayas2023;NS:guayas2023	MP:50.60;NS:85.65	MP:0.009448;NS:0.002349	MP:Flu-0205/Guayas/2023;NS:Flu-0402/Guayas/2023;Flu-0406/Guayas/2023;Flu-0578/UNKNOWN/2023;Flu-0407/Guayas/2023;PQ300722.1__regional_context/Chile/2023			no
Flu-0314/Tungurahua/2023	Flu-0314	NA;MP;NS	flu2024	flu2024:3			no						NA	NA:flu2024;MP:flu2024;NS:flu2024	NA:48.02;MP:83.19;NS:78.02	NA:0.011403;MP:0.010258;NS:0.015533	NA:Flu-0318/UNKNOWN/2023;MP:Flu-0741/UNKNOWN/2025;Flu-0317/Cotopaxi/2023;Flu-0737/UNKNOWN/2025;Flu-0326/UNKNOWN/2023;Flu-0323/UNKNOWN/2023;NS:Flu-0326/UNKNOWN/2023;Flu-0323/UNKNOWN/2023;Flu-0325/UNKNOWN/2023;Flu-0736/UNKNOWN/2025;Flu-0739/UNKNOWN/2025			no
Flu-0316/Cotopaxi/2023	Flu-0316	PB2;PB1;PA;HA;NP;NA;MP;NS;concat	flu2024	flu2024:8			no						HA;NA;NS;PA;PB1;PB2	PB2:flu2024;PB1:flu2024;PA:flu2024;HA:flu2024;NP:flu2024;NA:flu2024;MP:flu2024;NS:flu2024;concat:flu2024	PB2:57.56;PB1:45.83;PA:37.27;HA:24.25;NP:94.58;NA:48.02;MP:83.19;NS:58.08;concat:75.94	PB2:0.011192;PB1:0.012233;PA:0.009587;HA:0.011246;NP:0.009324;NA:0.011403;MP:0.010259;NS:0.015533;concat:0.010754	PB2:Flu-0317/Cotopaxi/2023;PB1:Flu-0317/Cotopaxi/2023;PA:Flu-0318/UNKNOWN/2023;Flu-0317/Cotopaxi/2023;HA:Flu-0317/Cotopaxi/2023;NP:Flu-0330/UNKNOWN/2023;NA:Flu-0318/UNKNOWN/2023;Flu-0314/Tungurahua/2023;Flu-0317/Cotopaxi/2023;MP:Flu-0740/UNKNOWN/2025;NS:Flu-0326/UNKNOWN/2023;Flu-0323/UNKNOWN/2023;Flu-0325/UNKNOWN/2023;Flu-0736/UNKNOWN/2025;Flu-0739/UNKNOWN/2025;concat:Flu-0317	flu2024	75.94	no
Flu-0317/Cotopaxi/2023	Flu-0317	PB2;PB1;PA;HA;NP;NA;MP;NS;concat	flu2024	flu2024:8			no						HA;NA;PA;PB1;PB2	PB2:flu2024;PB1:flu2024;PA:flu2024;HA:flu2024;NP:flu2024;NA:flu2024;MP:flu2024;NS:flu2024;concat:flu2024	PB2:57.56;PB1:45.83;PA:37.27;HA:24.25;NP:94.58;NA:48.02;MP:83.19;NS:71.91;concat:75.94	PB2:0.011192;PB1:0.012233;PA:0.009587;HA:0.011246;NP:0.009325;NA:0.011403;MP:0.010259;NS:0.015533;concat:0.010754	PB2:Flu-0316/Cotopaxi/2023;PB1:Flu-0316/Cotopaxi/2023;PA:Flu-0318/UNKNOWN/2023;HA:Flu-0316/Cotopaxi/2023;NP:Flu-0739/UNKNOWN/2025;NA:Flu-0318/UNKNOWN/2023;Flu-0314/Tungurahua/2023;MP:Flu-0737/UNKNOWN/2025;Flu-0326/UNKNOWN/2023;Flu-0323/UNKNOWN/2023;Flu-0325/UNKNOWN/2023;NS:Flu-0326/UNKNOWN/2023;Flu-0323/UNKNOWN/2023;Flu-0325/UNKNOWN/2023;Flu-0736/UNKNOWN/2025;Flu-0739/UNKNOWN/2025;concat:Flu-0316	flu2024	75.94	no
Flu-0318/UNKNOWN/2023	Flu-0318	PB2;PB1;PA;NP;NA;MP;NS	flu2024	flu2024:7			no						NA;PA;PB1;PB2	PB2:flu2024;PB1:flu2024;PA:flu2024;NP:flu2024;NA:flu2024;MP:flu2024;NS:flu2024	PB2:57.56;PB1:45.83;PA:37.27;NP:94.58;NA:48.02;MP:83.19;NS:88.39	PB2:0.011192;PB1:0.012233;PA:0.009587;NP:0.009325;NA:0.011403;MP:0.010259;NS:0.015533	PB2:Flu-0317/Cotopaxi/2023;Flu-0316/Cotopaxi/2023;PB1:Flu-0316/Cotopaxi/2023;Flu-0317/Cotopaxi/2023;PA:Flu-0317/Cotopaxi/2023;NP:Flu-0736/UNKNOWN/2025;Flu-0737/UNKNOWN/2025;Flu-0739/UNKNOWN/2025;Flu-0317/Cotopaxi/2023;Flu-0330/UNKNOWN/2023;NA:Flu-0314/Tungurahua/2023;MP:Flu-0738/UNKNOWN/2025;Flu-0316/Cotopaxi/2023;Flu-0740/UNKNOWN/2025;Flu-0321/UNKNOWN/2023;Flu-0314/Tungurahua/2023;NS:Flu-0741/UNKNOWN/2025;Flu-0326/UNKNOWN/2023;Flu-0323/UNKNOWN/2023;Flu-0325/UNKNOWN/2023;Flu-0736/UNKNOWN/2025			no
Flu-0321/UNKNOWN/2023	Flu-0321	NA;MP;NS	flu2024	flu2024:3			no						NA;NS	NA:flu2024;MP:flu2024;NS:flu2024	NA:48.02;MP:83.19;NS:50.25	NA:0.011403;MP:0.010259;NS:0.015533	NA:Flu-0318/UNKNOWN/2023;Flu-0314/Tungurahua/2023;Flu-0317/Cotopaxi/2023;Flu-0316/Cotopaxi/2023;MP:Flu-0314/Tungurahua/2023;Flu-0741/UNKNOWN/2025;Flu-0317/Cotopaxi/2023;Flu-0737/UNKNOWN/2025;Flu-0326/UNKNOWN/2023;NS:Flu-0326/UNKNOWN/2023;Flu-0323/UNKNOWN/2023;Flu-0325/UNKNOWN/2023;Flu-0736/UNKNOWN/2025;Flu-0739/UNKNOWN/2025			no
Flu-0323/UNKNOWN/2023	Flu-0323	MP;NS	flu2024	flu2024:2			no						NS	MP:flu2024;NS:flu2024	MP:83.19;NS:50.25	MP:0.010259;NS:0.015533	MP:Flu-0326/UNKNOWN/2023;NS:Flu-0326/UNKNOWN/2023			no
Flu-0325/UNKNOWN/2023	Flu-0325	NP;MP;NS	flu2024	flu2024:3			no						NS	NP:flu2024;MP:flu2024;NS:flu2024	NP:94.58;MP:83.19;NS:50.25	NP:0.009325;MP:0.010259;NS:0.015533	NP:Flu-0326/UNKNOWN/2023;MP:Flu-0326/UNKNOWN/2023;Flu-0323/UNKNOWN/2023;NS:Flu-0326/UNKNOWN/2023;Flu-0323/UNKNOWN/2023			no
Flu-0326/UNKNOWN/2023	Flu-0326	NP;MP;NS	flu2024	flu2024:3			no						NS	NP:flu2024;MP:flu2024;NS:flu2024	NP:94.58;MP:83.19;NS:50.25	NP:0.009325;MP:0.010259;NS:0.015533	NP:Flu-0325/UNKNOWN/2023;MP:Flu-0323/UNKNOWN/2023;NS:Flu-0323/UNKNOWN/2023			no
Flu-0330/UNKNOWN/2023	Flu-0330	NP;MP;NS	flu2024	flu2024:3			no						NS	NP:flu2024;MP:flu2024;NS:flu2024	NP:94.58;MP:98.48;NS:50.25	NP:0.009324;MP:0.010259;NS:0.015533	NP:Flu-0316/Cotopaxi/2023;MP:Flu-0736/UNKNOWN/2025;Flu-0738/UNKNOWN/2025;Flu-0316/Cotopaxi/2023;Flu-0740/UNKNOWN/2025;Flu-0321/UNKNOWN/2023;NS:Flu-0679/UNKNOWN/2025			no
Flu-0402/Guayas/2023	Flu-0402	PB2;PB1;PA;HA;NA;MP;NS	guayas2023	guayas2023:7			no						HA;MP;PA;PB2	PB2:guayas2023;PB1:guayas2023;PA:guayas2023;HA:guayas2023;NA:guayas2023;MP:guayas2023;NS:guayas2023	PB2:43.42;PB1:100.00;PA:13.33;HA:47.67;NA:73.12;MP:50.60;NS:85.65	PB2:0.008559;PB1:0.007800;PA:0.007047;HA:0.008810;NA:0.008508;MP:0.009446;NS:0.011892	PB2:Flu-0407/Guayas/2023;Flu-0406/Guayas/2023;PB1:Flu-0406/Guayas/2023;Flu-0407/Guayas/2023;PA:Flu-0406/Guayas/2023;HA:Flu-0450/Bolivar/2023;NA:Flu-0456/Tungurahua/2023;MP:Flu-0205/Guayas/2023;Flu-0206/Guayas/2023;LIM-QUIM006_PV290336.1__regional_context/Peru/2023;NS:Flu-0406/Guayas/2023;Flu-0578/UNKNOWN/2023;Flu-0407/Guayas/2023			no
Flu-0403/Guayas/2023	Flu-0403	MP	guayas2023	guayas2023:1			no						MP	MP:guayas2023	MP:50.60	MP:0.007804	MP:Flu-0402/Guayas/2023;Flu-0205/Guayas/2023;Flu-0206/Guayas/2023;LIM-QUIM006_PV290336.1__regional_context/Peru/2023			no
Flu-0406/Guayas/2023	Flu-0406	PB2;PB1;PA;HA;NP;NA;MP;NS;concat	guayas2023	guayas2023:8			no						MP;PA;PB2	PB2:guayas2023;PB1:guayas2023;PA:guayas2023;HA:guayas2023;NP:guayas2023;NA:guayas2023;MP:guayas2023;NS:guayas2023;concat:flu2024	PB2:43.42;PB1:100.00;PA:13.33;HA:96.00;NP:89.88;NA:73.12;MP:50.60;NS:85.65;concat:100.00	PB2:0.010123;PB1:0.010538;PA:0.007501;HA:0.010030;NP:0.009406;NA:0.011406;MP:0.007798;NS:0.014307;concat:0.000000	PB2:Flu-0407/Guayas/2023;PB1:Flu-0407/Guayas/2023;PA:Flu-0402/Guayas/2023;HA:Flu-0407/Guayas/2023;NP:Flu-0407/Guayas/2023;NA:Flu-0407/Guayas/2023;MP:Flu-0413/Cotopaxi/2023;Flu-0407/Guayas/2023;Flu-0403/Guayas/2023;Flu-0402/Guayas/2023;Flu-0205/Guayas/2023;NS:Flu-0578/UNKNOWN/2023;concat:LIM-QUIM006_PV290336.1__regional_context	flu2024	100.00	no
Flu-0407/Guayas/2023	Flu-0407	PB2;PB1;HA;NP;NA;MP;NS	guayas2023	guayas2023:7			no						MP;PB2	PB2:guayas2023;PB1:guayas2023;HA:guayas2023;NP:guayas2023;NA:guayas2023;MP:guayas2023;NS:guayas2023	PB2:43.42;PB1:100.00;HA:96.00;NP:89.88;NA:73.12;MP:50.60;NS:85.65	PB2:0.010123;PB1:0.010538;HA:0.010030;NP:0.009406;NA:0.011406;MP:0.007802;NS:0.014307	PB2:Flu-0406/Guayas/2023;PB1:Flu-0406/Guayas/2023;HA:Flu-0406/Guayas/2023;NP:Flu-0406/Guayas/2023;NA:Flu-0406/Guayas/2023;MP:Flu-0403/Guayas/2023;Flu-0402/Guayas/2023;Flu-0205/Guayas/2023;Flu-0206/Guayas/2023;LIM-QUIM006_PV290336.1__regional_context/Peru/2023;NS:Flu-0406/Guayas/2023;Flu-0578/UNKNOWN/2023			no
Flu-0410/Guayas/2023	Flu-0410	NS	flu2024	flu2024:1			no							NS:flu2024	NS:85.96	NS:0.001256	NS:2148-N-2025_PX121554.1__regional_context/Brazil/2025;1834-N-2025_PX121562.1__regional_context/Brazil/2025;1367-N-2025_PV740261.1__regional_context/Brazil/2025;1480-N1-2025_PV849984.1__regional_context/Brazil/2025;1706-N-2025_PV851419.1__regional_context/Brazil/2025			no
Flu-0413/Cotopaxi/2023	Flu-0413	MP	guayas2023	guayas2023:1			no						MP	MP:guayas2023	MP:50.60	MP:0.008622	MP:Flu-0407/Guayas/2023;Flu-0403/Guayas/2023;Flu-0402/Guayas/2023;Flu-0205/Guayas/2023;Flu-0206/Guayas/2023			no
Flu-0418/Cotopaxi/2023	Flu-0418	MP	flu2024	flu2024:1			no							MP:flu2024	MP:73.28	MP:0.010255	MP:Flu-0742/UNKNOWN/2025;Flu-0629/UNKNOWN/2024			no
Flu-0423/Cotopaxi/2023	Flu-0423	NS	flu2024	flu2024:1			no							NS:flu2024	NS:85.87	NS:0.001258	NS:Flu-0410/Guayas/2023;2148-N-2025_PX121554.1__regional_context/Brazil/2025;1834-N-2025_PX121562.1__regional_context/Brazil/2025;1367-N-2025_PV740261.1__regional_context/Brazil/2025;1480-N1-2025_PV849984.1__regional_context/Brazil/2025			no
Flu-0440/Cotopaxi/2023	Flu-0440	NA	flu2024	flu2024:1			no							NA:flu2024	NA:99.86	NA:0.011398	NA:Flu-0593/UNKNOWN/2024;Flu-0592/UNKNOWN/2024			no
Flu-0450/Bolivar/2023	Flu-0450	HA;NA	guayas2023	guayas2023:2			no						HA	HA:guayas2023;NA:guayas2023	HA:47.67;NA:73.12	HA:0.008810;NA:0.012850	HA:Flu-0402/Guayas/2023;NA:Flu-0472/Cotopaxi/2023;Flu-0406/Guayas/2023;Flu-0407/Guayas/2023			no
Flu-0451/Bolivar/2023	Flu-0451	NS	flu2024	flu2024:1			no							NS:flu2024	NS:85.65	NS:0.001262	NS:Flu-0018/SantaElena/2023;NEP_8_PP692239.1__regional_context/Peru/2023;PP757783.1__regional_context/Chile/2023;PQ412989.1__regional_context/Chile/2023;Flu-0014/SantaElena/2023			no
Flu-0456/Tungurahua/2023	Flu-0456	NA	guayas2023	guayas2023:1			no							NA:guayas2023	NA:73.12	NA:0.008508	NA:Flu-0402/Guayas/2023			no
Flu-0457/Tungurahua/2023	Flu-0457	MP	flu2024	flu2024:1			no							MP:flu2024	MP:83.81	MP:0.010249	MP:Flu-0635/UNKNOWN/2024;Flu-0011/UNKNOWN/2023;Flu-0658/UNKNOWN/2024;Flu-0603/UNKNOWN/2024;Flu-0621/UNKNOWN/2024			no
Flu-0465/Pichincha/2023	Flu-0465	HA	guayas2023	guayas2023:1			no							HA:guayas2023	HA:71.33	HA:0.008812	HA:Flu-0406/Guayas/2023;Flu-0407/Guayas/2023;Flu-0472/Cotopaxi/2023			no
Flu-0472/Cotopaxi/2023	Flu-0472	HA;NA	guayas2023	guayas2023:2			no						HA	HA:guayas2023;NA:guayas2023	HA:63.83;NA:73.12	HA:0.008814;NA:0.012852	HA:Flu-0406/Guayas/2023;Flu-0407/Guayas/2023;NA:Flu-0406/Guayas/2023;Flu-0407/Guayas/2023			no
Flu-0578/UNKNOWN/2023	Flu-0578	PB1;HA;NA;MP;NS	guayas2023	guayas2023:5			no						MP	PB1:guayas2023;HA:guayas2023;NA:guayas2023;MP:guayas2023;NS:guayas2023	PB1:100.00;HA:98.94;NA:73.12;MP:50.60;NS:85.65	PB1:0.004144;HA:0.008808;NA:0.005612;MP:0.008618;NS:0.015514	PB1:Flu-0406/Guayas/2023;Flu-0407/Guayas/2023;Flu-0402/Guayas/2023;HA:Flu-0465/Pichincha/2023;Flu-0406/Guayas/2023;Flu-0407/Guayas/2023;Flu-0472/Cotopaxi/2023;Flu-0450/Bolivar/2023;NA:Flu-0456/Tungurahua/2023;Flu-0402/Guayas/2023;Flu-0450/Bolivar/2023;Flu-0472/Cotopaxi/2023;Flu-0406/Guayas/2023;MP:Flu-0413/Cotopaxi/2023;Flu-0407/Guayas/2023;Flu-0403/Guayas/2023;Flu-0402/Guayas/2023;Flu-0205/Guayas/2023;NS:Flu-0406/Guayas/2023			no
Flu-0580/UNKNOWN/2024	Flu-0580	PB2;PB1;PA;HA;NP;NA;MP;NS;concat	flu2024	flu2024:8			no						HA;MP;NP;PA;PB1;PB2	PB2:flu2024;PB1:flu2024;PA:flu2024;HA:flu2024;NP:flu2024;NA:flu2024;MP:flu2024;NS:flu2024;concat:flu2024	PB2:68.67;PB1:55.42;PA:21.50;HA:27.48;NP:69.39;NA:84.82;MP:48.10;NS:77.19;concat:85.28	PB2:0.011191;PB1:0.012290;PA:0.009587;HA:0.011243;NP:0.009323;NA:0.012126;MP:0.010255;NS:0.015509;concat:0.010673	PB2:Flu-0598/UNKNOWN/2024;Flu-0621/UNKNOWN/2024;Flu-0623/UNKNOWN/2024;Flu-0653/UNKNOWN/2024;Flu-0652/UNKNOWN/2024;PB1:Flu-0583/UNKNOWN/2024;Flu-0653/UNKNOWN/2024;Flu-0652/UNKNOWN/2024;Flu-0623/UNKNOWN/2024;Flu-0633/UNKNOWN/2024;PA:Flu-0590/UNKNOWN/2024;Flu-0604/UNKNOWN/2024;Flu-0596/UNKNOWN/2024;Flu-0609/UNKNOWN/2024;Flu-0608/UNKNOWN/2024;HA:Flu-0608/UNKNOWN/2024;NP:Flu-0615/UNKNOWN/2024;Flu-0614/UNKNOWN/2024;Flu-0594/UNKNOWN/2024;Flu-0326/UNKNOWN/2023;Flu-0325/UNKNOWN/2023;NA:Flu-0630/UNKNOWN/2024;Flu-0632/UNKNOWN/2024;Flu-0622/UNKNOWN/2024;Flu-0585/UNKNOWN/2024;Flu-0598/UNKNOWN/2024;MP:Flu-0597/UNKNOWN/2024;Flu-0623/UNKNOWN/2024;Flu-0584/UNKNOWN/2024;NS:Flu-0642/UNKNOWN/2024;Flu-0633/UNKNOWN/2024;Flu-0597/UNKNOWN/2024;Flu-0009/UNKNOWN/2023;Flu-0035/Esmeraldas/2023;concat:Flu-0583;Flu-0621;Flu-0600;Flu-0623;Flu-0653	flu2024	85.28	no
Flu-0582/UNKNOWN/2024	Flu-0582	PB2;PB1;PA;HA;NP;NA;MP;NS;concat	flu2024	flu2024:8			no						MP;NP;NS;PA;PB1;PB2	PB2:flu2024;PB1:flu2024;PA:flu2024;HA:flu2024;NP:flu2024;NA:flu2024;MP:flu2024;NS:flu2024;concat:flu2024	PB2:50.00;PB1:55.42;PA:0.67;HA:98.44;NP:60.65;NA:84.46;MP:45.95;NS:35.98;concat:85.28	PB2:0.011198;PB1:0.012290;PA:0.009587;HA:0.011228;NP:0.009323;NA:0.011400;MP:0.010254;NS:0.015529;concat:0.010673	PB2:Flu-0604/UNKNOWN/2024;Flu-0608/UNKNOWN/2024;PB1:Flu-0583/UNKNOWN/2024;Flu-0653/UNKNOWN/2024;Flu-0652/UNKNOWN/2024;Flu-0623/UNKNOWN/2024;Flu-0633/UNKNOWN/2024;PA:Flu-0611/UNKNOWN/2024;HA:Flu-0317/Cotopaxi/2023;Flu-0316/Cotopaxi/2023;Flu-0583/UNKNOWN/2024;Flu-0600/UNKNOWN/2024;Flu-0013/UNKNOWN/2023;NP:Flu-0629/UNKNOWN/2024;Flu-0590/UNKNOWN/2024;Flu-0599/UNKNOWN/2024;Flu-0596/UNKNOWN/2024;Flu-0580/UNKNOWN/2024;NA:Flu-0580/UNKNOWN/2024;Flu-0630/UNKNOWN/2024;Flu-0632/UNKNOWN/2024;Flu-0622/UNKNOWN/2024;Flu-0585/UNKNOWN/2024;MP:Flu-0655/UNKNOWN/2024;NS:Flu-0633/UNKNOWN/2024;Flu-0597/UNKNOWN/2024;Flu-0009/UNKNOWN/2023;Flu-0035/Esmeraldas/2023;Flu-0654/UNKNOWN/2024;concat:Flu-0619;Flu-0580;Flu-0583;Flu-0621;Flu-0600	flu2024	85.28	no
Flu-0583/UNKNOWN/2024	Flu-0583	PB2;PB1;PA;HA;NP;NA;MP;NS;concat	flu2024	flu2024:8			no						HA;MP;NS;PA;PB1;PB2	PB2:flu2024;PB1:flu2024;PA:flu2024;HA:flu2024;NP:flu2024;NA:flu2024;MP:flu2024;NS:flu2024;concat:flu2024	PB2:68.67;PB1:55.42;PA:24.78;HA:24.25;NP:94.58;NA:91.50;MP:63.70;NS:61.23;concat:85.28	PB2:0.011191;PB1:0.012290;PA:0.009587;HA:0.011246;NP:0.009323;NA:0.012126;MP:0.010255;NS:0.015525;concat:0.010673	PB2:Flu-0598/UNKNOWN/2024;Flu-0621/UNKNOWN/2024;Flu-0623/UNKNOWN/2024;Flu-0653/UNKNOWN/2024;Flu-0652/UNKNOWN/2024;PB1:Flu-0653/UNKNOWN/2024;Flu-0652/UNKNOWN/2024;Flu-0623/UNKNOWN/2024;Flu-0633/UNKNOWN/2024;Flu-0630/UNKNOWN/2024;PA:Flu-0619/UNKNOWN/2024;HA:Flu-0317/Cotopaxi/2023;Flu-0316/Cotopaxi/2023;NP:Flu-0604/UNKNOWN/2024;NA:Flu-0633/UNKNOWN/2024;Flu-0623/UNKNOWN/2024;MP:Flu-0736/UNKNOWN/2025;Flu-0738/UNKNOWN/2025;Flu-0316/Cotopaxi/2023;Flu-0740/UNKNOWN/2025;Flu-0321/UNKNOWN/2023;NS:Flu-0642/UNKNOWN/2024;Flu-0633/UNKNOWN/2024;Flu-0597/UNKNOWN/2024;Flu-0009/UNKNOWN/2023;Flu-0035/Esmeraldas/2023;concat:Flu-0621;Flu-0600;Flu-0623;Flu-0653;Flu-0652	flu2024	85.28	no
Flu-0584/UNKNOWN/2024	Flu-0584	PB2;PB1;PA;HA;NP;NA;MP;NS;concat	flu2024	flu2024:8			no						HA;MP;NP;NS;PA;PB2	PB2:flu2024;PB1:flu2024;PA:flu2024;HA:flu2024;NP:flu2024;NA:flu2024;MP:flu2024;NS:flu2024;concat:flu2024	PB2:42.61;PB1:90.71;PA:37.27;HA:27.48;NP:22.84;NA:71.61;MP:48.10;NS:27.14;concat:75.40	PB2:0.011193;PB1:0.012223;PA:0.009586;HA:0.011243;NP:0.009253;NA:0.011400;MP:0.010255;NS:0.015529;concat:0.010672	PB2:Flu-0598/UNKNOWN/2024;Flu-0621/UNKNOWN/2024;Flu-0623/UNKNOWN/2024;Flu-0653/UNKNOWN/2024;Flu-0652/UNKNOWN/2024;PB1:Flu-0586/UNKNOWN/2024;Flu-0621/UNKNOWN/2024;Flu-0604/UNKNOWN/2024;Flu-0318/UNKNOWN/2023;Flu-0316/Cotopaxi/2023;PA:Flu-0600/UNKNOWN/2024;HA:Flu-0619/UNKNOWN/2024;NP:Flu-0598/UNKNOWN/2024;NA:Flu-0013/UNKNOWN/2023;Flu-0641/UNKNOWN/2024;Flu-0638/UNKNOWN/2024;Flu-0580/UNKNOWN/2024;Flu-0630/UNKNOWN/2024;MP:Flu-0597/UNKNOWN/2024;Flu-0623/UNKNOWN/2024;NS:Flu-0633/UNKNOWN/2024;Flu-0597/UNKNOWN/2024;Flu-0009/UNKNOWN/2023;Flu-0035/Esmeraldas/2023;Flu-0654/UNKNOWN/2024;concat:Flu-0582;Flu-0619;Flu-0580;Flu-0583;Flu-0621	flu2024	75.40	no
Flu-0585/UNKNOWN/2024	Flu-0585	PB2;PA;HA;NP;NA;MP;NS	flu2024	flu2024:7			no						HA;MP;NP;PA;PB2	PB2:flu2024;PA:flu2024;HA:flu2024;NP:flu2024;NA:flu2024;MP:flu2024;NS:flu2024	PB2:35.22;PA:3.07;HA:46.03;NP:26.44;NA:91.50;MP:49.67;NS:70.51	PB2:0.011198;PA:0.009587;HA:0.011240;NP:0.009255;NA:0.012130;MP:0.010254;NS:0.015520	PB2:Flu-0582/UNKNOWN/2024;Flu-0604/UNKNOWN/2024;Flu-0608/UNKNOWN/2024;PA:Flu-0589/UNKNOWN/2024;Flu-0610/UNKNOWN/2024;Flu-0598/UNKNOWN/2024;Flu-0586/UNKNOWN/2024;Flu-0614/UNKNOWN/2024;HA:Flu-0317/Cotopaxi/2023;Flu-0316/Cotopaxi/2023;Flu-0583/UNKNOWN/2024;Flu-0600/UNKNOWN/2024;Flu-0013/UNKNOWN/2023;NP:Flu-0631/UNKNOWN/2024;Flu-0653/UNKNOWN/2024;Flu-0654/UNKNOWN/2024;Flu-0652/UNKNOWN/2024;Flu-0636/UNKNOWN/2024;NA:Flu-0598/UNKNOWN/2024;MP:Flu-0621/UNKNOWN/2024;Flu-0622/UNKNOWN/2024;Flu-0596/UNKNOWN/2024;Flu-0600/UNKNOWN/2024;Flu-0605/UNKNOWN/2024;NS:Flu-0642/UNKNOWN/2024;Flu-0633/UNKNOWN/2024;Flu-0597/UNKNOWN/2024;Flu-0009/UNKNOWN/2023;Flu-0035/Esmeraldas/2023			no
Flu-0586/UNKNOWN/2024	Flu-0586	PB2;PB1;PA;HA;NP;NA;MP;NS;concat	flu2024	flu2024:8			no						HA;NA;NP;NS;PA;PB2	PB2:flu2024;PB1:flu2024;PA:flu2024;HA:flu2024;NP:flu2024;NA:flu2024;MP:flu2024;NS:flu2024;concat:flu2024	PB2:43.24;PB1:87.60;PA:0.33;HA:52.11;NP:26.44;NA:48.02;MP:79.47;NS:25.91;concat:100.00	PB2:0.011197;PB1:0.012226;PA:0.009587;HA:0.011238;NP:0.009255;NA:0.011403;MP:0.010257;NS:0.015528;concat:0.010750	PB2:Flu-0593/UNKNOWN/2024;Flu-0598/UNKNOWN/2024;Flu-0621/UNKNOWN/2024;Flu-0623/UNKNOWN/2024;Flu-0653/UNKNOWN/2024;PB1:Flu-0621/UNKNOWN/2024;PA:Flu-0598/UNKNOWN/2024;HA:Flu-0317/Cotopaxi/2023;Flu-0316/Cotopaxi/2023;Flu-0583/UNKNOWN/2024;Flu-0600/UNKNOWN/2024;Flu-0013/UNKNOWN/2023;NP:Flu-0597/UNKNOWN/2024;Flu-0643/UNKNOWN/2024;NA:Flu-0599/UNKNOWN/2024;MP:Flu-0593/UNKNOWN/2024;Flu-0592/UNKNOWN/2024;Flu-0009/UNKNOWN/2023;Flu-0035/Esmeraldas/2023;NS:Flu-0633/UNKNOWN/2024;Flu-0597/UNKNOWN/2024;Flu-0009/UNKNOWN/2023;Flu-0035/Esmeraldas/2023;Flu-0654/UNKNOWN/2024;concat:Flu-0593;Flu-0592	flu2024	100.00	no
Flu-0587/UNKNOWN/2024	Flu-0587	PB1;PA;HA;NP;NA;MP;NS	flu2024	flu2024:7			no						HA;MP;NP;NS;PA;PB1	PB1:flu2024;PA:flu2024;HA:flu2024;NP:flu2024;NA:flu2024;MP:flu2024;NS:flu2024	PB1:55.42;PA:24.78;HA:27.48;NP:17.17;NA:79.31;MP:69.93;NS:68.75	PB1:0.012239;PA:0.009588;HA:0.011243;NP:0.009255;NA:0.011400;MP:0.010254;NS:0.015522	PB1:Flu-0583/UNKNOWN/2024;Flu-0653/UNKNOWN/2024;Flu-0652/UNKNOWN/2024;Flu-0623/UNKNOWN/2024;Flu-0633/UNKNOWN/2024;PA:Flu-0592/UNKNOWN/2024;Flu-0593/UNKNOWN/2024;HA:Flu-0619/UNKNOWN/2024;Flu-0584/UNKNOWN/2024;NP:Flu-0593/UNKNOWN/2024;NA:Flu-0580/UNKNOWN/2024;Flu-0630/UNKNOWN/2024;Flu-0632/UNKNOWN/2024;Flu-0622/UNKNOWN/2024;Flu-0585/UNKNOWN/2024;MP:Flu-0614/UNKNOWN/2024;Flu-0610/UNKNOWN/2024;Flu-0641/UNKNOWN/2024;Flu-0027/SantaElena/2023;Flu-0611/UNKNOWN/2024;NS:Flu-0642/UNKNOWN/2024;Flu-0633/UNKNOWN/2024;Flu-0597/UNKNOWN/2024;Flu-0009/UNKNOWN/2023;Flu-0035/Esmeraldas/2023			no
Flu-0589/UNKNOWN/2024	Flu-0589	PB2;PB1;PA;HA;NP;NA;MP;NS;concat	flu2024	flu2024:8			no						NP;NS;PA;PB1;PB2	PB2:flu2024;PB1:flu2024;PA:flu2024;HA:flu2024;NP:flu2024;NA:flu2024;MP:flu2024;NS:flu2024;concat:flu2024	PB2:45.49;PB1:40.70;PA:0.67;HA:92.34;NP:18.77;NA:85.50;MP:87.24;NS:32.24;concat:85.28	PB2:0.011198;PB1:0.012234;PA:0.009587;HA:0.011232;NP:0.009254;NA:0.012123;MP:0.010245;NS:0.015529;concat:0.010673	PB2:Flu-0622/UNKNOWN/2024;PB1:Flu-0593/UNKNOWN/2024;Flu-0592/UNKNOWN/2024;PA:Flu-0610/UNKNOWN/2024;HA:Flu-0317/Cotopaxi/2023;Flu-0316/Cotopaxi/2023;Flu-0583/UNKNOWN/2024;Flu-0600/UNKNOWN/2024;Flu-0013/UNKNOWN/2023;NP:Flu-0622/UNKNOWN/2024;NA:Flu-0580/UNKNOWN/2024;Flu-0630/UNKNOWN/2024;Flu-0632/UNKNOWN/2024;Flu-0622/UNKNOWN/2024;Flu-0585/UNKNOWN/2024;MP:Flu-0635/UNKNOWN/2024;Flu-0011/UNKNOWN/2023;Flu-0658/UNKNOWN/2024;Flu-0603/UNKNOWN/2024;Flu-0621/UNKNOWN/2024;NS:Flu-0633/UNKNOWN/2024;Flu-0597/UNKNOWN/2024;Flu-0009/UNKNOWN/2023;Flu-0035/Esmeraldas/2023;Flu-0654/UNKNOWN/2024;concat:Flu-0582;Flu-0619;Flu-0580;Flu-0583;Flu-0621	flu2024	85.28	no
Flu-0590/UNKNOWN/2024	Flu-0590	PB2;PB1;PA;HA;NP;MP;NS	flu2024	flu2024:7			no						HA;MP;NP;PA;PB1;PB2	PB2:flu2024;PB1:flu2024;PA:flu2024;HA:flu2024;NP:flu2024;MP:flu2024;NS:flu2024	PB2:30.00;PB1:55.42;PA:16.75;HA:24.25;NP:62.11;MP:58.61;NS:86.56	PB2:0.011198;PB1:0.012290;PA:0.009587;HA:0.011245;NP:0.009323;MP:0.010255;NS:0.015498	PB2:Flu-0585/UNKNOWN/2024;Flu-0582/UNKNOWN/2024;Flu-0604/UNKNOWN/2024;Flu-0608/UNKNOWN/2024;PB1:Flu-0653/UNKNOWN/2024;Flu-0652/UNKNOWN/2024;Flu-0623/UNKNOWN/2024;Flu-0633/UNKNOWN/2024;Flu-0630/UNKNOWN/2024;PA:Flu-0604/UNKNOWN/2024;Flu-0596/UNKNOWN/2024;Flu-0609/UNKNOWN/2024;Flu-0608/UNKNOWN/2024;HA:Flu-0317/Cotopaxi/2023;Flu-0316/Cotopaxi/2023;Flu-0583/UNKNOWN/2024;Flu-0600/UNKNOWN/2024;Flu-0013/UNKNOWN/2023;NP:Flu-0599/UNKNOWN/2024;Flu-0596/UNKNOWN/2024;Flu-0580/UNKNOWN/2024;Flu-0615/UNKNOWN/2024;Flu-0614/UNKNOWN/2024;MP:Flu-0736/UNKNOWN/2025;Flu-0738/UNKNOWN/2025;Flu-0316/Cotopaxi/2023;Flu-0740/UNKNOWN/2025;Flu-0321/UNKNOWN/2023;NS:Flu-0604/UNKNOWN/2024			no
Flu-0592/UNKNOWN/2024	Flu-0592	PB2;PB1;PA;HA;NP;NA;MP;NS;concat	flu2024	flu2024:8			no						HA;NP;NS;PA;PB1;PB2	PB2:flu2024;PB1:flu2024;PA:flu2024;HA:flu2024;NP:flu2024;NA:flu2024;MP:flu2024;NS:flu2024;concat:flu2024	PB2:43.42;PB1:40.70;PA:24.78;HA:24.25;NP:19.53;NA:99.86;MP:79.47;NS:29.40;concat:100.00	PB2:0.011189;PB1:0.012234;PA:0.009588;HA:0.011246;NP:0.009255;NA:0.011398;MP:0.010257;NS:0.015532;concat:0.010750	PB2:Flu-0407/Guayas/2023;Flu-0406/Guayas/2023;Flu-0402/Guayas/2023;LIM-QUIM006_PV290336.1__regional_context/Peru/2023;PB2_1_PP692232.1__regional_context/Peru/2023;PB1:Flu-0593/UNKNOWN/2024;PA:Flu-0593/UNKNOWN/2024;HA:Flu-0317/Cotopaxi/2023;Flu-0316/Cotopaxi/2023;Flu-0583/UNKNOWN/2024;Flu-0600/UNKNOWN/2024;Flu-0013/UNKNOWN/2023;NP:Flu-0621/UNKNOWN/2024;NA:Flu-0593/UNKNOWN/2024;MP:Flu-0009/UNKNOWN/2023;Flu-0035/Esmeraldas/2023;NS:Flu-0593/UNKNOWN/2024;concat:Flu-0593	flu2024	100.00	no
Flu-0593/UNKNOWN/2024	Flu-0593	PB2;PB1;PA;HA;NP;NA;MP;NS;concat	flu2024	flu2024:8			no						HA;NP;NS;PA;PB1;PB2	PB2:flu2024;PB1:flu2024;PA:flu2024;HA:flu2024;NP:flu2024;NA:flu2024;MP:flu2024;NS:flu2024;concat:flu2024	PB2:42.54;PB1:40.70;PA:24.78;HA:24.25;NP:17.17;NA:99.86;MP:79.47;NS:29.40;concat:100.00	PB2:0.011195;PB1:0.012235;PA:0.009588;HA:0.011246;NP:0.009255;NA:0.011398;MP:0.010257;NS:0.015532;concat:0.010750	PB2:Flu-0598/UNKNOWN/2024;Flu-0621/UNKNOWN/2024;Flu-0623/UNKNOWN/2024;Flu-0653/UNKNOWN/2024;Flu-0652/UNKNOWN/2024;PB1:Flu-0592/UNKNOWN/2024;PA:Flu-0592/UNKNOWN/2024;HA:Flu-0317/Cotopaxi/2023;Flu-0316/Cotopaxi/2023;Flu-0583/UNKNOWN/2024;Flu-0600/UNKNOWN/2024;Flu-0013/UNKNOWN/2023;NP:Flu-0587/UNKNOWN/2024;NA:Flu-0592/UNKNOWN/2024;MP:Flu-0592/UNKNOWN/2024;Flu-0009/UNKNOWN/2023;Flu-0035/Esmeraldas/2023;NS:Flu-0592/UNKNOWN/2024;concat:Flu-0592	flu2024	100.00	no
Flu-0594/UNKNOWN/2024	Flu-0594	NP;MP;NS	flu2024	flu2024:3			no							NP:flu2024;MP:flu2024;NS:flu2024	NP:81.93;MP:79.47;NS:75.73	NP:0.009323;MP:0.010254;NS:0.015514	NP:Flu-0326/UNKNOWN/2023;Flu-0325/UNKNOWN/2023;Flu-0742/UNKNOWN/2025;Flu-0736/UNKNOWN/2025;Flu-0737/UNKNOWN/2025;MP:Flu-0610/UNKNOWN/2024;Flu-0641/UNKNOWN/2024;Flu-0027/SantaElena/2023;Flu-0611/UNKNOWN/2024;Flu-0586/UNKNOWN/2024;NS:Flu-0642/UNKNOWN/2024;Flu-0633/UNKNOWN/2024;Flu-0597/UNKNOWN/2024;Flu-0009/UNKNOWN/2023;Flu-0035/Esmeraldas/2023			no
Flu-0595/UNKNOWN/2024	Flu-0595	PB2;PB1;PA;NP;NA;MP;NS	flu2024	flu2024:7			no						NA;NP;PA;PB1;PB2	PB2:flu2024;PB1:flu2024;PA:flu2024;NP:flu2024;NA:flu2024;MP:flu2024;NS:flu2024	PB2:54.60;PB1:48.68;PA:37.27;NP:63.12;NA:48.02;MP:74.49;NS:81.13	PB2:0.011198;PB1:0.012231;PA:0.009586;NP:0.009323;NA:0.011403;MP:0.010252;NS:0.015504	PB2:Flu-0615/UNKNOWN/2024;Flu-0609/UNKNOWN/2024;Flu-0599/UNKNOWN/2024;Flu-0614/UNKNOWN/2024;Flu-0596/UNKNOWN/2024;PB1:Flu-0604/UNKNOWN/2024;Flu-0318/UNKNOWN/2023;Flu-0316/Cotopaxi/2023;Flu-0317/Cotopaxi/2023;Flu-0603/UNKNOWN/2024;PA:Flu-0658/UNKNOWN/2024;Flu-0318/UNKNOWN/2023;Flu-0317/Cotopaxi/2023;Flu-0316/Cotopaxi/2023;Flu-0621/UNKNOWN/2024;NP:Flu-0599/UNKNOWN/2024;Flu-0596/UNKNOWN/2024;Flu-0580/UNKNOWN/2024;Flu-0615/UNKNOWN/2024;Flu-0614/UNKNOWN/2024;NA:Flu-0610/UNKNOWN/2024;Flu-0613/UNKNOWN/2024;Flu-0611/UNKNOWN/2024;Flu-0614/UNKNOWN/2024;MP:Flu-0621/UNKNOWN/2024;Flu-0622/UNKNOWN/2024;Flu-0596/UNKNOWN/2024;Flu-0600/UNKNOWN/2024;Flu-0605/UNKNOWN/2024;NS:Flu-0642/UNKNOWN/2024;Flu-0633/UNKNOWN/2024;Flu-0597/UNKNOWN/2024;Flu-0009/UNKNOWN/2023;Flu-0035/Esmeraldas/2023			no
Flu-0596/UNKNOWN/2024	Flu-0596	PB2;PB1;PA;HA;NP;NA;MP;NS;concat	flu2024	flu2024:8			no						MP;NP;PA;PB1;PB2	PB2:flu2024;PB1:flu2024;PA:flu2024;HA:flu2024;NP:flu2024;NA:flu2024;MP:flu2024;NS:flu2024;concat:flu2024	PB2:29.00;PB1:61.37;PA:13.17;HA:88.99;NP:66.80;NA:81.43;MP:51.68;NS:74.02;concat:87.31	PB2:0.011198;PB1:0.012229;PA:0.009587;HA:0.011234;NP:0.009323;NA:0.011400;MP:0.010254;NS:0.015516;concat:0.010673	PB2:Flu-0590/UNKNOWN/2024;Flu-0585/UNKNOWN/2024;Flu-0582/UNKNOWN/2024;Flu-0604/UNKNOWN/2024;Flu-0608/UNKNOWN/2024;PB1:Flu-0599/UNKNOWN/2024;PA:Flu-0609/UNKNOWN/2024;Flu-0608/UNKNOWN/2024;HA:Flu-0623/UNKNOWN/2024;Flu-0654/UNKNOWN/2024;Flu-0630/UNKNOWN/2024;Flu-0653/UNKNOWN/2024;Flu-0652/UNKNOWN/2024;NP:Flu-0580/UNKNOWN/2024;Flu-0615/UNKNOWN/2024;Flu-0614/UNKNOWN/2024;Flu-0594/UNKNOWN/2024;Flu-0326/UNKNOWN/2023;NA:Flu-0580/UNKNOWN/2024;Flu-0630/UNKNOWN/2024;Flu-0632/UNKNOWN/2024;Flu-0622/UNKNOWN/2024;Flu-0585/UNKNOWN/2024;MP:Flu-0621/UNKNOWN/2024;Flu-0622/UNKNOWN/2024;NS:Flu-0642/UNKNOWN/2024;Flu-0633/UNKNOWN/2024;Flu-0597/UNKNOWN/2024;Flu-0009/UNKNOWN/2023;Flu-0035/Esmeraldas/2023;concat:Flu-0582;Flu-0619;Flu-0580;Flu-0583;Flu-0621	flu2024	87.31	no
Flu-0597/UNKNOWN/2024	Flu-0597	NP;NA;MP;NS	flu2024	flu2024:4			no						MP;NP;NS	NP:flu2024;NA:flu2024;MP:flu2024;NS:flu2024	NP:26.44;NA:91.50;MP:48.10;NS:40.79	NP:0.009255;NA:0.012128;MP:0.010255;NS:0.015529	NP:Flu-0643/UNKNOWN/2024;NA:Flu-0600/UNKNOWN/2024;MP:Flu-0623/UNKNOWN/2024;NS:Flu-0009/UNKNOWN/2023;Flu-0035/Esmeraldas/2023;Flu-0654/UNKNOWN/2024;Flu-0656/UNKNOWN/2024;Flu-0621/UNKNOWN/2024			no
Flu-0598/UNKNOWN/2024	Flu-0598	PB2;PB1;PA;NP;NA;MP;NS	flu2024	flu2024:7			no						NP;PA;PB1;PB2	PB2:flu2024;PB1:flu2024;PA:flu2024;NP:flu2024;NA:flu2024;MP:flu2024;NS:flu2024	PB2:68.67;PB1:55.42;PA:0.33;NP:22.84;NA:91.50;MP:96.37;NS:90.20	PB2:0.011198;PB1:0.012290;PA:0.009587;NP:0.009253;NA:0.012130;MP:0.010233;NS:0.015492	PB2:Flu-0621/UNKNOWN/2024;PB1:Flu-0583/UNKNOWN/2024;Flu-0653/UNKNOWN/2024;Flu-0652/UNKNOWN/2024;Flu-0623/UNKNOWN/2024;Flu-0633/UNKNOWN/2024;PA:Flu-0586/UNKNOWN/2024;NP:Flu-0584/UNKNOWN/2024;NA:Flu-0585/UNKNOWN/2024;MP:Flu-0635/UNKNOWN/2024;Flu-0011/UNKNOWN/2023;Flu-0658/UNKNOWN/2024;Flu-0603/UNKNOWN/2024;Flu-0621/UNKNOWN/2024;NS:Flu-0658/UNKNOWN/2024;Flu-0632/UNKNOWN/2024;Flu-0642/UNKNOWN/2024;Flu-0633/UNKNOWN/2024;Flu-0597/UNKNOWN/2024			no
Flu-0599/UNKNOWN/2024	Flu-0599	PB2;PB1;PA;HA;NP;NA;MP;NS;concat	flu2024	flu2024:8			no						HA;NA;NP;PA;PB1;PB2	PB2:flu2024;PB1:flu2024;PA:flu2024;HA:flu2024;NP:flu2024;NA:flu2024;MP:flu2024;NS:flu2024;concat:flu2024	PB2:36.43;PB1:61.37;PA:24.78;HA:57.67;NP:64.70;NA:48.02;MP:94.95;NS:88.95;concat:75.94	PB2:0.011198;PB1:0.012229;PA:0.009586;HA:0.011236;NP:0.009323;NA:0.011403;MP:0.010236;NS:0.015494;concat:0.010675	PB2:Flu-0614/UNKNOWN/2024;Flu-0596/UNKNOWN/2024;Flu-0590/UNKNOWN/2024;Flu-0585/UNKNOWN/2024;Flu-0582/UNKNOWN/2024;PB1:Flu-0596/UNKNOWN/2024;PA:Flu-0641/UNKNOWN/2024;HA:Flu-0317/Cotopaxi/2023;Flu-0316/Cotopaxi/2023;Flu-0583/UNKNOWN/2024;Flu-0600/UNKNOWN/2024;Flu-0013/UNKNOWN/2023;NP:Flu-0596/UNKNOWN/2024;Flu-0580/UNKNOWN/2024;Flu-0615/UNKNOWN/2024;Flu-0614/UNKNOWN/2024;Flu-0594/UNKNOWN/2024;NA:Flu-0586/UNKNOWN/2024;MP:Flu-0635/UNKNOWN/2024;Flu-0011/UNKNOWN/2023;Flu-0658/UNKNOWN/2024;Flu-0603/UNKNOWN/2024;Flu-0621/UNKNOWN/2024;NS:Flu-0658/UNKNOWN/2024;Flu-0632/UNKNOWN/2024;Flu-0642/UNKNOWN/2024;Flu-0633/UNKNOWN/2024;Flu-0597/UNKNOWN/2024;concat:Flu-0608;Flu-0604;Flu-0317;Flu-0316	flu2024	75.94	no
Flu-0600/UNKNOWN/2024	Flu-0600	PB2;PB1;PA;HA;NP;NA;MP;NS;concat	flu2024	flu2024:8			no						HA;MP;NP;PA;PB2	PB2:flu2024;PB1:flu2024;PA:flu2024;HA:flu2024;NP:flu2024;NA:flu2024;MP:flu2024;NS:flu2024;concat:flu2024	PB2:68.67;PB1:99.35;PA:37.27;HA:24.25;NP:18.77;NA:91.50;MP:51.68;NS:91.46;concat:85.28	PB2:0.011198;PB1:0.012221;PA:0.009586;HA:0.011246;NP:0.009254;NA:0.012128;MP:0.010254;NS:0.015490;concat:0.010673	PB2:Flu-0598/UNKNOWN/2024;Flu-0621/UNKNOWN/2024;Flu-0623/UNKNOWN/2024;Flu-0653/UNKNOWN/2024;Flu-0652/UNKNOWN/2024;PB1:Flu-0641/UNKNOWN/2024;Flu-0639/UNKNOWN/2024;PA:Flu-0584/UNKNOWN/2024;HA:Flu-0317/Cotopaxi/2023;Flu-0316/Cotopaxi/2023;Flu-0583/UNKNOWN/2024;NP:Flu-0589/UNKNOWN/2024;Flu-0622/UNKNOWN/2024;NA:Flu-0597/UNKNOWN/2024;MP:Flu-0621/UNKNOWN/2024;Flu-0622/UNKNOWN/2024;Flu-0596/UNKNOWN/2024;NS:Flu-0658/UNKNOWN/2024;Flu-0632/UNKNOWN/2024;Flu-0642/UNKNOWN/2024;Flu-0633/UNKNOWN/2024;Flu-0597/UNKNOWN/2024;concat:Flu-0621	flu2024	85.28	no
Flu-0603/UNKNOWN/2024	Flu-0603	PB2;PB1;PA;NP;MP;NS	flu2024	flu2024:6			no						PA;PB1;PB2	PB2:flu2024;PB1:flu2024;PA:flu2024;NP:flu2024;MP:flu2024;NS:flu2024	PB2:68.67;PB1:40.70;PA:24.78;NP:89.88;MP:82.10;NS:79.59	PB2:0.011191;PB1:0.012234;PA:0.009588;NP:0.009251;MP:0.010251;NS:0.015506	PB2:Flu-0598/UNKNOWN/2024;Flu-0621/UNKNOWN/2024;Flu-0623/UNKNOWN/2024;Flu-0653/UNKNOWN/2024;Flu-0652/UNKNOWN/2024;PB1:Flu-0589/UNKNOWN/2024;Flu-0593/UNKNOWN/2024;Flu-0592/UNKNOWN/2024;PA:Flu-0587/UNKNOWN/2024;Flu-0592/UNKNOWN/2024;Flu-0593/UNKNOWN/2024;NP:Flu-0630/UNKNOWN/2024;MP:Flu-0635/UNKNOWN/2024;Flu-0011/UNKNOWN/2023;Flu-0658/UNKNOWN/2024;NS:Flu-0642/UNKNOWN/2024;Flu-0633/UNKNOWN/2024;Flu-0597/UNKNOWN/2024;Flu-0009/UNKNOWN/2023;Flu-0035/Esmeraldas/2023			no
Flu-0604/UNKNOWN/2024	Flu-0604	PB2;PB1;PA;HA;NP;NA;MP;NS;concat	flu2024	flu2024:8			no						HA;NA;PA;PB1	PB2:flu2024;PB1:flu2024;PA:flu2024;HA:flu2024;NP:flu2024;NA:flu2024;MP:flu2024;NS:flu2024;concat:flu2024	PB2:95.67;PB1:45.83;PA:15.33;HA:27.48;NP:94.58;NA:48.02;MP:92.04;NS:86.56;concat:75.94	PB2:0.011200;PB1:0.012233;PA:0.009587;HA:0.011243;NP:0.009323;NA:0.011402;MP:0.010255;NS:0.015498;concat:0.010753	PB2:Flu-0608/UNKNOWN/2024;PB1:Flu-0318/UNKNOWN/2023;Flu-0316/Cotopaxi/2023;Flu-0317/Cotopaxi/2023;PA:Flu-0596/UNKNOWN/2024;Flu-0609/UNKNOWN/2024;Flu-0608/UNKNOWN/2024;HA:Flu-0580/UNKNOWN/2024;Flu-0608/UNKNOWN/2024;NP:Flu-0583/UNKNOWN/2024;NA:Flu-0608/UNKNOWN/2024;Flu-0658/UNKNOWN/2024;Flu-0318/UNKNOWN/2023;Flu-0314/Tungurahua/2023;Flu-0317/Cotopaxi/2023;MP:Flu-0736/UNKNOWN/2025;Flu-0738/UNKNOWN/2025;Flu-0316/Cotopaxi/2023;Flu-0740/UNKNOWN/2025;Flu-0321/UNKNOWN/2023;NS:Flu-0590/UNKNOWN/2024;concat:Flu-0608	flu2024	75.94	no
Flu-0605/UNKNOWN/2024	Flu-0605	NP;MP;NS	flu2024	flu2024:3			no						MP	NP:flu2024;MP:flu2024;NS:flu2024	NP:87.77;MP:63.49;NS:78.02	NP:0.009323;MP:0.010254;NS:0.015508	NP:Flu-0326/UNKNOWN/2023;Flu-0325/UNKNOWN/2023;Flu-0742/UNKNOWN/2025;Flu-0736/UNKNOWN/2025;Flu-0737/UNKNOWN/2025;MP:Flu-0639/UNKNOWN/2024;Flu-0614/UNKNOWN/2024;Flu-0610/UNKNOWN/2024;Flu-0641/UNKNOWN/2024;Flu-0027/SantaElena/2023;NS:Flu-0642/UNKNOWN/2024;Flu-0633/UNKNOWN/2024;Flu-0597/UNKNOWN/2024;Flu-0009/UNKNOWN/2023;Flu-0035/Esmeraldas/2023			no
Flu-0608/UNKNOWN/2024	Flu-0608	PB2;PB1;PA;HA;NP;NA;MP;NS;concat	flu2024	flu2024:8			no						HA;MP;NA;PA;PB1	PB2:flu2024;PB1:flu2024;PA:flu2024;HA:flu2024;NP:flu2024;NA:flu2024;MP:flu2024;NS:flu2024;concat:flu2024	PB2:95.67;PB1:51.51;PA:14.00;HA:27.48;NP:94.58;NA:48.02;MP:56.44;NS:76.48;concat:75.94	PB2:0.011200;PB1:0.012238;PA:0.009587;HA:0.011243;NP:0.009323;NA:0.011403;MP:0.010255;NS:0.015511;concat:0.010753	PB2:Flu-0604/UNKNOWN/2024;PB1:Flu-0583/UNKNOWN/2024;Flu-0653/UNKNOWN/2024;Flu-0652/UNKNOWN/2024;Flu-0623/UNKNOWN/2024;Flu-0633/UNKNOWN/2024;PA:Flu-0609/UNKNOWN/2024;HA:Flu-0580/UNKNOWN/2024;NP:Flu-0604/UNKNOWN/2024;Flu-0583/UNKNOWN/2024;NA:Flu-0658/UNKNOWN/2024;Flu-0318/UNKNOWN/2023;Flu-0314/Tungurahua/2023;Flu-0317/Cotopaxi/2023;Flu-0316/Cotopaxi/2023;MP:Flu-0736/UNKNOWN/2025;Flu-0738/UNKNOWN/2025;Flu-0316/Cotopaxi/2023;Flu-0740/UNKNOWN/2025;Flu-0321/UNKNOWN/2023;NS:Flu-0642/UNKNOWN/2024;Flu-0633/UNKNOWN/2024;Flu-0597/UNKNOWN/2024;Flu-0009/UNKNOWN/2023;Flu-0035/Esmeraldas/2023;concat:Flu-0604	flu2024	75.94	no
Flu-0609/UNKNOWN/2024	Flu-0609	PB2;PB1;PA;NP;NA;MP;NS	flu2024	flu2024:7			no						NA;NP;PA;PB1;PB2	PB2:flu2024;PB1:flu2024;PA:flu2024;NP:flu2024;NA:flu2024;MP:flu2024;NS:flu2024	PB2:43.67;PB1:48.14;PA:14.00;NP:;NA:48.02;MP:88.85;NS:87.64	PB2:0.011198;PB1:0.012236;PA:0.009587;NP:0.009323;NA:0.011402;MP:0.010244;NS:0.015495	PB2:Flu-0599/UNKNOWN/2024;Flu-0614/UNKNOWN/2024;Flu-0596/UNKNOWN/2024;Flu-0590/UNKNOWN/2024;Flu-0585/UNKNOWN/2024;PB1:Flu-0608/UNKNOWN/2024;Flu-0583/UNKNOWN/2024;Flu-0653/UNKNOWN/2024;Flu-0652/UNKNOWN/2024;Flu-0623/UNKNOWN/2024;PA:Flu-0608/UNKNOWN/2024;NP:Flu-0584/UNKNOWN/2024;Flu-0598/UNKNOWN/2024;Flu-0035/Esmeraldas/2023;Flu-0009/UNKNOWN/2023;Flu-0592/UNKNOWN/2024;NA:Flu-0608/UNKNOWN/2024;Flu-0658/UNKNOWN/2024;Flu-0318/UNKNOWN/2023;Flu-0314/Tungurahua/2023;Flu-0317/Cotopaxi/2023;MP:Flu-0635/UNKNOWN/2024;Flu-0011/UNKNOWN/2023;Flu-0658/UNKNOWN/2024;Flu-0603/UNKNOWN/2024;Flu-0621/UNKNOWN/2024;NS:Flu-0658/UNKNOWN/2024;Flu-0632/UNKNOWN/2024;Flu-0642/UNKNOWN/2024;Flu-0633/UNKNOWN/2024;Flu-0597/UNKNOWN/2024			no
Flu-0610/UNKNOWN/2024	Flu-0610	PB2;PB1;PA;HA;NP;NA;MP;NS;concat	flu2024	flu2024:8			no						HA;NA;NP;NS;PA	PB2:flu2024;PB1:flu2024;PA:flu2024;HA:flu2024;NP:flu2024;NA:flu2024;MP:flu2024;NS:flu2024;concat:flu2024	PB2:95.67;PB1:81.01;PA:0.67;HA:24.25;NP:17.17;NA:48.02;MP:79.47;NS:43.56;concat:100.00	PB2:0.011201;PB1:0.012231;PA:0.009587;HA:0.011246;NP:0.009255;NA:0.011403;MP:0.010256;NS:0.015535;concat:0.010832	PB2:Flu-0611/UNKNOWN/2024;Flu-0613/UNKNOWN/2024;PB1:Flu-0613/UNKNOWN/2024;Flu-0611/UNKNOWN/2024;PA:Flu-0589/UNKNOWN/2024;HA:Flu-0611/UNKNOWN/2024;NP:Flu-0611/UNKNOWN/2024;NA:Flu-0613/UNKNOWN/2024;Flu-0611/UNKNOWN/2024;MP:Flu-0641/UNKNOWN/2024;NS:Flu-0611/UNKNOWN/2024;concat:Flu-0613;Flu-0611	flu2024	100.00	no
Flu-0611/UNKNOWN/2024	Flu-0611	PB2;PB1;PA;HA;NP;NA;MP;NS;concat	flu2024	flu2024:8			no						HA;NA;NP;NS;PA	PB2:flu2024;PB1:flu2024;PA:flu2024;HA:flu2024;NP:flu2024;NA:flu2024;MP:flu2024;NS:flu2024;concat:flu2024	PB2:75.00;PB1:81.01;PA:0.67;HA:24.25;NP:17.17;NA:48.02;MP:79.47;NS:43.56;concat:100.00	PB2:0.011201;PB1:0.012231;PA:0.009587;HA:0.011246;NP:0.009323;NA:0.011403;MP:0.010256;NS:0.015535;concat:0.010832	PB2:Flu-0613/UNKNOWN/2024;PB1:Flu-0613/UNKNOWN/2024;PA:Flu-0582/UNKNOWN/2024;HA:Flu-0610/UNKNOWN/2024;NP:Flu-0610/UNKNOWN/2024;NA:Flu-0613/UNKNOWN/2024;MP:Flu-0610/UNKNOWN/2024;Flu-0641/UNKNOWN/2024;Flu-0027/SantaElena/2023;NS:Flu-0610/UNKNOWN/2024;concat:Flu-0613	flu2024	100.00	no
Flu-0613/UNKNOWN/2024	Flu-0613	PB2;PB1;PA;HA;NP;NA;MP;NS;concat	flu2024	flu2024:8			no						HA;NA;NP;NS;PA	PB2:flu2024;PB1:flu2024;PA:flu2024;HA:flu2024;NP:flu2024;NA:flu2024;MP:flu2024;NS:flu2024;concat:flu2024	PB2:75.00;PB1:81.01;PA:1.00;HA:24.25;NP:17.17;NA:48.02;MP:79.47;NS:43.56;concat:100.00	PB2:0.011201;PB1:0.012231;PA:0.009587;HA:0.011246;NP:0.009255;NA:0.011403;MP:0.010257;NS:0.015536;concat:0.010832	PB2:Flu-0611/UNKNOWN/2024;PB1:Flu-0611/UNKNOWN/2024;PA:Flu-0611/UNKNOWN/2024;Flu-0582/UNKNOWN/2024;HA:Flu-0611/UNKNOWN/2024;Flu-0610/UNKNOWN/2024;NP:Flu-0611/UNKNOWN/2024;Flu-0610/UNKNOWN/2024;NA:Flu-0611/UNKNOWN/2024;MP:Flu-0610/UNKNOWN/2024;Flu-0641/UNKNOWN/2024;Flu-0027/SantaElena/2023;Flu-0611/UNKNOWN/2024;Flu-0586/UNKNOWN/2024;NS:Flu-0610/UNKNOWN/2024;Flu-0611/UNKNOWN/2024;concat:Flu-0611	flu2024	100.00	no
Flu-0614/UNKNOWN/2024	Flu-0614	PB2;PB1;PA;HA;NP;NA;MP;NS;concat	flu2024	flu2024:8			no						HA;NA;NS;PA;PB2	PB2:flu2024;PB1:flu2024;PA:flu2024;HA:flu2024;NP:flu2024;NA:flu2024;MP:flu2024;NS:flu2024;concat:flu2024	PB2:29.56;PB1:81.01;PA:0.67;HA:24.25;NP:77.09;NA:48.02;MP:74.18;NS:26.91;concat:100.00	PB2:0.011198;PB1:0.012231;PA:0.009587;HA:0.011244;NP:0.009323;NA:0.011403;MP:0.010254;NS:0.015530;concat:0.010750	PB2:Flu-0596/UNKNOWN/2024;Flu-0590/UNKNOWN/2024;Flu-0585/UNKNOWN/2024;Flu-0582/UNKNOWN/2024;Flu-0604/UNKNOWN/2024;PB1:Flu-0610/UNKNOWN/2024;Flu-0613/UNKNOWN/2024;Flu-0611/UNKNOWN/2024;PA:Flu-0598/UNKNOWN/2024;Flu-0586/UNKNOWN/2024;HA:Flu-0611/UNKNOWN/2024;Flu-0610/UNKNOWN/2024;Flu-0613/UNKNOWN/2024;NP:Flu-0594/UNKNOWN/2024;Flu-0326/UNKNOWN/2023;Flu-0325/UNKNOWN/2023;Flu-0742/UNKNOWN/2025;Flu-0736/UNKNOWN/2025;NA:Flu-0610/UNKNOWN/2024;Flu-0613/UNKNOWN/2024;Flu-0611/UNKNOWN/2024;MP:Flu-0610/UNKNOWN/2024;Flu-0641/UNKNOWN/2024;Flu-0027/SantaElena/2023;Flu-0611/UNKNOWN/2024;Flu-0586/UNKNOWN/2024;NS:Flu-0633/UNKNOWN/2024;Flu-0597/UNKNOWN/2024;Flu-0009/UNKNOWN/2023;Flu-0035/Esmeraldas/2023;Flu-0654/UNKNOWN/2024;concat:Flu-0593;Flu-0592;Flu-0586;Flu-0610;Flu-0613	flu2024	100.00	no
Flu-0615/UNKNOWN/2024	Flu-0615	PB2;PB1;PA;NP;MP;NS	flu2024	flu2024:6			no						NS;PA;PB2	PB2:flu2024;PB1:flu2024;PA:flu2024;NP:flu2024;MP:flu2024;NS:flu2024	PB2:48.93;PB1:81.01;PA:19.27;NP:72.92;MP:93.51;NS:43.56	PB2:0.011198;PB1:0.012227;PA:0.009587;NP:0.009323;MP:0.010237;NS:0.015530	PB2:Flu-0609/UNKNOWN/2024;Flu-0599/UNKNOWN/2024;Flu-0614/UNKNOWN/2024;Flu-0596/UNKNOWN/2024;Flu-0590/UNKNOWN/2024;PB1:Flu-0614/UNKNOWN/2024;Flu-0610/UNKNOWN/2024;Flu-0613/UNKNOWN/2024;Flu-0611/UNKNOWN/2024;PA:Flu-0590/UNKNOWN/2024;Flu-0604/UNKNOWN/2024;Flu-0596/UNKNOWN/2024;Flu-0609/UNKNOWN/2024;Flu-0608/UNKNOWN/2024;NP:Flu-0614/UNKNOWN/2024;Flu-0594/UNKNOWN/2024;Flu-0326/UNKNOWN/2023;Flu-0325/UNKNOWN/2023;Flu-0742/UNKNOWN/2025;MP:Flu-0635/UNKNOWN/2024;Flu-0011/UNKNOWN/2023;Flu-0658/UNKNOWN/2024;Flu-0603/UNKNOWN/2024;Flu-0621/UNKNOWN/2024;NS:Flu-0613/UNKNOWN/2024;Flu-0610/UNKNOWN/2024;Flu-0611/UNKNOWN/2024;Flu-0641/UNKNOWN/2024;Flu-0027/SantaElena/2023			no
Flu-0619/UNKNOWN/2024	Flu-0619	PB2;PB1;PA;HA;NP;NA;MP;NS;concat	flu2024	flu2024:8			no						HA;MP;NP;PA;PB1;PB2	PB2:flu2024;PB1:flu2024;PA:flu2024;HA:flu2024;NP:flu2024;NA:flu2024;MP:flu2024;NS:flu2024;concat:flu2024	PB2:68.67;PB1:55.42;PA:24.78;HA:27.48;NP:17.17;NA:91.50;MP:61.09;NS:82.57;concat:85.28	PB2:0.011191;PB1:0.012290;PA:0.009586;HA:0.011243;NP:0.009255;NA:0.012127;MP:0.010255;NS:0.015502;concat:0.010673	PB2:Flu-0598/UNKNOWN/2024;Flu-0621/UNKNOWN/2024;Flu-0623/UNKNOWN/2024;Flu-0653/UNKNOWN/2024;Flu-0652/UNKNOWN/2024;PB1:Flu-0653/UNKNOWN/2024;Flu-0652/UNKNOWN/2024;Flu-0623/UNKNOWN/2024;Flu-0633/UNKNOWN/2024;Flu-0630/UNKNOWN/2024;PA:Flu-0583/UNKNOWN/2024;HA:Flu-0584/UNKNOWN/2024;NP:Flu-0658/UNKNOWN/2024;NA:Flu-0630/UNKNOWN/2024;Flu-0632/UNKNOWN/2024;Flu-0622/UNKNOWN/2024;Flu-0585/UNKNOWN/2024;Flu-0598/UNKNOWN/2024;MP:Flu-0736/UNKNOWN/2025;Flu-0738/UNKNOWN/2025;Flu-0316/Cotopaxi/2023;Flu-0740/UNKNOWN/2025;Flu-0321/UNKNOWN/2023;NS:Flu-0642/UNKNOWN/2024;Flu-0633/UNKNOWN/2024;Flu-0597/UNKNOWN/2024;Flu-0009/UNKNOWN/2023;Flu-0035/Esmeraldas/2023;concat:Flu-0580;Flu-0583;Flu-0621;Flu-0600;Flu-0623	flu2024	85.28	no
Flu-0621/UNKNOWN/2024	Flu-0621	PB2;PB1;PA;HA;NP;NA;MP;NS;concat	flu2024	flu2024:8			no						HA;MP;NP;NS;PA;PB2	PB2:flu2024;PB1:flu2024;PA:flu2024;HA:flu2024;NP:flu2024;NA:flu2024;MP:flu2024;NS:flu2024;concat:flu2024	PB2:68.67;PB1:87.60;PA:37.27;HA:39.68;NP:19.53;NA:91.50;MP:51.68;NS:43.56;concat:85.28	PB2:0.011198;PB1:0.012226;PA:0.009587;HA:0.011241;NP:0.009255;NA:0.012126;MP:0.010254;NS:0.015530;concat:0.010673	PB2:Flu-0598/UNKNOWN/2024;PB1:Flu-0586/UNKNOWN/2024;PA:Flu-0658/UNKNOWN/2024;Flu-0318/UNKNOWN/2023;Flu-0317/Cotopaxi/2023;Flu-0316/Cotopaxi/2023;HA:Flu-0317/Cotopaxi/2023;Flu-0316/Cotopaxi/2023;Flu-0583/UNKNOWN/2024;Flu-0600/UNKNOWN/2024;Flu-0013/UNKNOWN/2023;NP:Flu-0592/UNKNOWN/2024;NA:Flu-0633/UNKNOWN/2024;Flu-0623/UNKNOWN/2024;Flu-0583/UNKNOWN/2024;MP:Flu-0622/UNKNOWN/2024;NS:Flu-0613/UNKNOWN/2024;Flu-0610/UNKNOWN/2024;Flu-0611/UNKNOWN/2024;Flu-0641/UNKNOWN/2024;Flu-0027/SantaElena/2023;concat:Flu-0600	flu2024	85.28	no
Flu-0622/UNKNOWN/2024	Flu-0622	PB2;PB1;PA;HA;NP;NA;MP;NS;concat	flu2024	flu2024:8			no						MP;NP;NS;PA;PB1;PB2	PB2:flu2024;PB1:flu2024;PA:flu2024;HA:flu2024;NP:flu2024;NA:flu2024;MP:flu2024;NS:flu2024;concat:flu2024	PB2:45.49;PB1:61.37;PA:37.27;HA:95.47;NP:18.77;NA:91.50;MP:51.68;NS:28.16;concat:85.28	PB2:0.011199;PB1:0.012229;PA:0.009586;HA:0.011230;NP:0.009254;NA:0.012133;MP:0.010254;NS:0.015529;concat:0.010673	PB2:Flu-0589/UNKNOWN/2024;PB1:Flu-0596/UNKNOWN/2024;Flu-0599/UNKNOWN/2024;PA:Flu-0600/UNKNOWN/2024;Flu-0584/UNKNOWN/2024;Flu-0595/UNKNOWN/2024;Flu-0658/UNKNOWN/2024;Flu-0318/UNKNOWN/2023;HA:Flu-0317/Cotopaxi/2023;Flu-0316/Cotopaxi/2023;Flu-0583/UNKNOWN/2024;Flu-0600/UNKNOWN/2024;Flu-0013/UNKNOWN/2023;NP:Flu-0589/UNKNOWN/2024;NA:Flu-0632/UNKNOWN/2024;MP:Flu-0621/UNKNOWN/2024;NS:Flu-0633/UNKNOWN/2024;Flu-0597/UNKNOWN/2024;Flu-0009/UNKNOWN/2023;Flu-0035/Esmeraldas/2023;Flu-0654/UNKNOWN/2024;concat:Flu-0582;Flu-0619;Flu-0580;Flu-0583;Flu-0621	flu2024	85.28	no
Flu-0623/UNKNOWN/2024	Flu-0623	PB2;PB1;PA;HA;NP;NA;MP;NS;concat	flu2024	flu2024:8			no						MP;NP;NS;PA;PB1;PB2	PB2:flu2024;PB1:flu2024;PA:flu2024;HA:flu2024;NP:flu2024;NA:flu2024;MP:flu2024;NS:flu2024;concat:flu2024	PB2:68.67;PB1:55.42;PA:24.78;HA:88.99;NP:19.53;NA:91.50;MP:48.10;NS:66.95;concat:85.28	PB2:0.011198;PB1:0.012291;PA:0.009588;HA:0.011235;NP:0.009255;NA:0.012126;MP:0.010255;NS:0.015526;concat:0.011153	PB2:Flu-0653/UNKNOWN/2024;PB1:Flu-0653/UNKNOWN/2024;Flu-0652/UNKNOWN/2024;PA:Flu-0630/UNKNOWN/2024;Flu-0653/UNKNOWN/2024;HA:Flu-0654/UNKNOWN/2024;Flu-0630/UNKNOWN/2024;Flu-0653/UNKNOWN/2024;Flu-0652/UNKNOWN/2024;NP:Flu-0592/UNKNOWN/2024;Flu-0621/UNKNOWN/2024;NA:Flu-0633/UNKNOWN/2024;MP:Flu-0597/UNKNOWN/2024;NS:Flu-0653/UNKNOWN/2024;concat:Flu-0653;Flu-0652;Flu-0654	flu2024	85.28	no
Flu-0629/UNKNOWN/2024	Flu-0629	NP;MP;NS	flu2024	flu2024:3			no						NP	NP:flu2024;MP:flu2024;NS:flu2024	NP:61.85;MP:73.28;NS:85.56	NP:0.009323;MP:0.010255;NS:0.015527	NP:Flu-0590/UNKNOWN/2024;Flu-0599/UNKNOWN/2024;Flu-0596/UNKNOWN/2024;Flu-0580/UNKNOWN/2024;Flu-0615/UNKNOWN/2024;MP:Flu-0742/UNKNOWN/2025;NS:Flu-0741/UNKNOWN/2025;Flu-0326/UNKNOWN/2023;Flu-0323/UNKNOWN/2023;Flu-0325/UNKNOWN/2023;Flu-0736/UNKNOWN/2025			no
Flu-0630/UNKNOWN/2024	Flu-0630	PB2;PB1;PA;HA;NP;NA;MP;NS;concat	flu2024	flu2024:8			no						NS;PA;PB1;PB2	PB2:flu2024;PB1:flu2024;PA:flu2024;HA:flu2024;NP:flu2024;NA:flu2024;MP:flu2024;NS:flu2024;concat:flu2024	PB2:68.67;PB1:55.42;PA:24.78;HA:88.99;NP:89.88;NA:91.50;MP:97.76;NS:66.95;concat:85.28	PB2:0.011192;PB1:0.012291;PA:0.009588;HA:0.011235;NP:0.009251;NA:0.012132;MP:0.010231;NS:0.015526;concat:0.011153	PB2:Flu-0598/UNKNOWN/2024;Flu-0621/UNKNOWN/2024;Flu-0623/UNKNOWN/2024;Flu-0653/UNKNOWN/2024;Flu-0652/UNKNOWN/2024;PB1:Flu-0653/UNKNOWN/2024;Flu-0652/UNKNOWN/2024;Flu-0623/UNKNOWN/2024;Flu-0633/UNKNOWN/2024;PA:Flu-0653/UNKNOWN/2024;HA:Flu-0653/UNKNOWN/2024;Flu-0652/UNKNOWN/2024;NP:Flu-0603/UNKNOWN/2024;NA:Flu-0632/UNKNOWN/2024;Flu-0622/UNKNOWN/2024;MP:Flu-0635/UNKNOWN/2024;Flu-0011/UNKNOWN/2023;Flu-0658/UNKNOWN/2024;Flu-0603/UNKNOWN/2024;Flu-0621/UNKNOWN/2024;NS:Flu-0653/UNKNOWN/2024;Flu-0623/UNKNOWN/2024;concat:Flu-0623;Flu-0653;Flu-0652;Flu-0654	flu2024	85.28	no
Flu-0631/UNKNOWN/2024	Flu-0631	NP;MP;NS	flu2024	flu2024:3			no						MP;NP	NP:flu2024;MP:flu2024;NS:flu2024	NP:26.44;MP:48.10;NS:72.27	NP:0.009255;MP:0.010255;NS:0.015518	NP:Flu-0653/UNKNOWN/2024;Flu-0654/UNKNOWN/2024;Flu-0652/UNKNOWN/2024;Flu-0636/UNKNOWN/2024;Flu-0642/UNKNOWN/2024;MP:Flu-0597/UNKNOWN/2024;Flu-0623/UNKNOWN/2024;Flu-0584/UNKNOWN/2024;Flu-0580/UNKNOWN/2024;NS:Flu-0642/UNKNOWN/2024;Flu-0633/UNKNOWN/2024;Flu-0597/UNKNOWN/2024;Flu-0009/UNKNOWN/2023;Flu-0035/Esmeraldas/2023			no
Flu-0632/UNKNOWN/2024	Flu-0632	NP;NA;MP;NS	flu2024	flu2024:4			no						MP;NP	NP:flu2024;NA:flu2024;MP:flu2024;NS:flu2024	NP:17.17;NA:91.50;MP:66.62;NS:84.67	NP:0.009255;NA:0.012133;MP:0.010255;NS:0.015500	NP:Flu-0593/UNKNOWN/2024;Flu-0587/UNKNOWN/2024;Flu-0658/UNKNOWN/2024;Flu-0619/UNKNOWN/2024;NA:Flu-0622/UNKNOWN/2024;MP:Flu-0736/UNKNOWN/2025;Flu-0738/UNKNOWN/2025;Flu-0316/Cotopaxi/2023;Flu-0740/UNKNOWN/2025;Flu-0321/UNKNOWN/2023;NS:Flu-0658/UNKNOWN/2024			no
Flu-0633/UNKNOWN/2024	Flu-0633	PB2;PB1;PA;NP;NA;MP;NS	flu2024	flu2024:7			no						NP;NS;PA;PB1;PB2	PB2:flu2024;PB1:flu2024;PA:flu2024;NP:flu2024;NA:flu2024;MP:flu2024;NS:flu2024	PB2:68.67;PB1:55.42;PA:37.27;NP:19.53;NA:91.50;MP:73.28;NS:38.13	PB2:0.011198;PB1:0.012291;PA:0.009587;NP:0.009255;NA:0.012126;MP:0.010255;NS:0.015531	PB2:Flu-0598/UNKNOWN/2024;Flu-0621/UNKNOWN/2024;Flu-0623/UNKNOWN/2024;Flu-0653/UNKNOWN/2024;Flu-0652/UNKNOWN/2024;PB1:Flu-0653/UNKNOWN/2024;Flu-0652/UNKNOWN/2024;Flu-0623/UNKNOWN/2024;PA:Flu-0600/UNKNOWN/2024;Flu-0584/UNKNOWN/2024;Flu-0595/UNKNOWN/2024;Flu-0658/UNKNOWN/2024;Flu-0318/UNKNOWN/2023;NP:Flu-0592/UNKNOWN/2024;Flu-0621/UNKNOWN/2024;Flu-0623/UNKNOWN/2024;NA:Flu-0623/UNKNOWN/2024;MP:Flu-0742/UNKNOWN/2025;Flu-0629/UNKNOWN/2024;Flu-0418/Cotopaxi/2023;NS:Flu-0597/UNKNOWN/2024;Flu-0009/UNKNOWN/2023;Flu-0035/Esmeraldas/2023;Flu-0654/UNKNOWN/2024;Flu-0656/UNKNOWN/2024			no
Flu-0635/UNKNOWN/2024	Flu-0635	NP;MP;NS	flu2024	flu2024:3			no						NP;NS	NP:flu2024;MP:flu2024;NS:flu2024	NP:24.51;MP:82.10;NS:25.93	NP:0.009255;MP:0.010251;NS:0.015530	NP:Flu-0586/UNKNOWN/2024;Flu-0597/UNKNOWN/2024;Flu-0643/UNKNOWN/2024;Flu-0663/UNKNOWN/2024;Flu-0585/UNKNOWN/2024;MP:Flu-0011/UNKNOWN/2023;Flu-0658/UNKNOWN/2024;NS:Flu-0633/UNKNOWN/2024;Flu-0597/UNKNOWN/2024;Flu-0009/UNKNOWN/2023;Flu-0035/Esmeraldas/2023;Flu-0654/UNKNOWN/2024			no
Flu-0636/UNKNOWN/2024	Flu-0636	NP;MP;NS	flu2024	flu2024:3			no						MP;NP;NS	NP:flu2024;MP:flu2024;NS:flu2024	NP:26.44;MP:44.93;NS:26.37	NP:0.009255;MP:0.010255;NS:0.015529	NP:Flu-0653/UNKNOWN/2024;Flu-0654/UNKNOWN/2024;Flu-0652/UNKNOWN/2024;MP:Flu-0736/UNKNOWN/2025;Flu-0738/UNKNOWN/2025;Flu-0316/Cotopaxi/2023;Flu-0740/UNKNOWN/2025;Flu-0321/UNKNOWN/2023;NS:Flu-0633/UNKNOWN/2024;Flu-0597/UNKNOWN/2024;Flu-0009/UNKNOWN/2023;Flu-0035/Esmeraldas/2023;Flu-0654/UNKNOWN/2024			no
Flu-0638/UNKNOWN/2024	Flu-0638	HA;NP;NA;MP;NS	flu2024	flu2024:5			no						NS	HA:flu2024;NP:flu2024;NA:flu2024;MP:flu2024;NS:flu2024	HA:88.99;NP:89.88;NA:74.14;MP:79.47;NS:43.56	HA:0.011234;NP:0.009313;NA:0.011400;MP:0.010256;NS:0.015536	HA:Flu-0623/UNKNOWN/2024;Flu-0654/UNKNOWN/2024;Flu-0630/UNKNOWN/2024;Flu-0653/UNKNOWN/2024;Flu-0652/UNKNOWN/2024;NP:Flu-0013/UNKNOWN/2023;Flu-0641/UNKNOWN/2024;NA:Flu-0013/UNKNOWN/2023;Flu-0641/UNKNOWN/2024;MP:Flu-0586/UNKNOWN/2024;Flu-0593/UNKNOWN/2024;Flu-0592/UNKNOWN/2024;Flu-0009/UNKNOWN/2023;Flu-0035/Esmeraldas/2023;NS:Flu-0641/UNKNOWN/2024;Flu-0027/SantaElena/2023;Flu-0013/UNKNOWN/2023			no
Flu-0639/UNKNOWN/2024	Flu-0639	PB2;PB1;HA;NP;MP;NS	flu2024	flu2024:6			no						HA;MP;NS	PB2:flu2024;PB1:flu2024;HA:flu2024;NP:flu2024;MP:flu2024;NS:flu2024	PB2:100.00;PB1:99.35;HA:33.54;NP:89.88;MP:66.58;NS:59.21	PB2:0.011200;PB1:0.012221;HA:0.011242;NP:0.009250;MP:0.010254;NS:0.015526	PB2:Flu-0641/UNKNOWN/2024;PB1:Flu-0641/UNKNOWN/2024;HA:Flu-0317/Cotopaxi/2023;Flu-0316/Cotopaxi/2023;Flu-0583/UNKNOWN/2024;Flu-0600/UNKNOWN/2024;Flu-0013/UNKNOWN/2023;NP:Flu-0013/UNKNOWN/2023;Flu-0641/UNKNOWN/2024;Flu-0638/UNKNOWN/2024;MP:Flu-0614/UNKNOWN/2024;Flu-0610/UNKNOWN/2024;Flu-0641/UNKNOWN/2024;Flu-0027/SantaElena/2023;Flu-0611/UNKNOWN/2024;NS:Flu-0642/UNKNOWN/2024;Flu-0633/UNKNOWN/2024;Flu-0597/UNKNOWN/2024;Flu-0009/UNKNOWN/2023;Flu-0035/Esmeraldas/2023			no
Flu-0640/UNKNOWN/2024	Flu-0640	MP;NS	flu2024	flu2024:2			no						MP;NS	MP:flu2024;NS:flu2024	MP:62.48;NS:27.83	MP:0.010254;NS:0.015530	MP:Flu-0605/UNKNOWN/2024;Flu-0639/UNKNOWN/2024;Flu-0614/UNKNOWN/2024;Flu-0610/UNKNOWN/2024;Flu-0641/UNKNOWN/2024;NS:Flu-0633/UNKNOWN/2024;Flu-0597/UNKNOWN/2024;Flu-0009/UNKNOWN/2023;Flu-0035/Esmeraldas/2023;Flu-0654/UNKNOWN/2024			no
Flu-0641/UNKNOWN/2024	Flu-0641	PB2;PB1;PA;HA;NP;NA;MP;NS;concat	flu2024	flu2024:8			no						HA;NS;PA	PB2:flu2024;PB1:flu2024;PA:flu2024;HA:flu2024;NP:flu2024;NA:flu2024;MP:flu2024;NS:flu2024;concat:flu2024	PB2:100.00;PB1:99.35;PA:24.78;HA:24.25;NP:89.88;NA:74.14;MP:79.47;NS:43.56;concat:100.00	PB2:0.011200;PB1:0.012222;PA:0.009586;HA:0.011246;NP:0.009313;NA:0.011400;MP:0.010256;NS:0.015535;concat:0.010754	PB2:Flu-0639/UNKNOWN/2024;PB1:Flu-0639/UNKNOWN/2024;PA:Flu-0599/UNKNOWN/2024;HA:Flu-0013/UNKNOWN/2023;NP:Flu-0013/UNKNOWN/2023;NA:Flu-0013/UNKNOWN/2023;MP:Flu-0610/UNKNOWN/2024;NS:Flu-0027/SantaElena/2023;concat:Flu-0610;Flu-0613;Flu-0611	flu2024	100.00	no
Flu-0642/UNKNOWN/2024	Flu-0642	NP;MP;NS	flu2024	flu2024:3			no						NP;NS	NP:flu2024;MP:flu2024;NS:flu2024	NP:26.44;MP:90.44;NS:57.06	NP:0.009255;MP:0.010242;NS:0.015527	NP:Flu-0653/UNKNOWN/2024;Flu-0654/UNKNOWN/2024;Flu-0652/UNKNOWN/2024;Flu-0636/UNKNOWN/2024;MP:Flu-0635/UNKNOWN/2024;Flu-0011/UNKNOWN/2023;Flu-0658/UNKNOWN/2024;Flu-0603/UNKNOWN/2024;Flu-0621/UNKNOWN/2024;NS:Flu-0633/UNKNOWN/2024;Flu-0597/UNKNOWN/2024;Flu-0009/UNKNOWN/2023;Flu-0035/Esmeraldas/2023;Flu-0654/UNKNOWN/2024			no
Flu-0643/UNKNOWN/2024	Flu-0643	NP;MP;NS	flu2024	flu2024:3			no						NP;NS	NP:flu2024;MP:flu2024;NS:flu2024	NP:26.44;MP:85.55;NS:25.90	NP:0.009255;MP:0.010247;NS:0.015529	NP:Flu-0597/UNKNOWN/2024;MP:Flu-0635/UNKNOWN/2024;Flu-0011/UNKNOWN/2023;Flu-0658/UNKNOWN/2024;Flu-0603/UNKNOWN/2024;Flu-0621/UNKNOWN/2024;NS:Flu-0633/UNKNOWN/2024;Flu-0597/UNKNOWN/2024;Flu-0009/UNKNOWN/2023;Flu-0035/Esmeraldas/2023;Flu-0654/UNKNOWN/2024			no
Flu-0652/UNKNOWN/2024	Flu-0652	PB2;PB1;PA;HA;NP;NA;MP;NS;concat	flu2024	flu2024:8			no						MP;NP;NS;PA;PB1;PB2	PB2:flu2024;PB1:flu2024;PA:flu2024;HA:flu2024;NP:flu2024;NA:flu2024;MP:flu2024;NS:flu2024;concat:flu2024	PB2:68.67;PB1:55.42;PA:24.78;HA:88.99;NP:26.44;NA:79.35;MP:62.16;NS:25.15;concat:85.28	PB2:0.011198;PB1:0.012294;PA:0.009587;HA:0.011235;NP:0.009328;NA:0.011400;MP:0.010254;NS:0.015530;concat:0.011153	PB2:Flu-0623/UNKNOWN/2024;Flu-0653/UNKNOWN/2024;PB1:Flu-0653/UNKNOWN/2024;PA:Flu-0630/UNKNOWN/2024;Flu-0653/UNKNOWN/2024;Flu-0623/UNKNOWN/2024;Flu-0654/UNKNOWN/2024;HA:Flu-0653/UNKNOWN/2024;NP:Flu-0653/UNKNOWN/2024;Flu-0654/UNKNOWN/2024;NA:Flu-0580/UNKNOWN/2024;Flu-0630/UNKNOWN/2024;Flu-0632/UNKNOWN/2024;Flu-0622/UNKNOWN/2024;Flu-0585/UNKNOWN/2024;MP:Flu-0605/UNKNOWN/2024;Flu-0639/UNKNOWN/2024;Flu-0614/UNKNOWN/2024;Flu-0610/UNKNOWN/2024;Flu-0641/UNKNOWN/2024;NS:Flu-0633/UNKNOWN/2024;Flu-0597/UNKNOWN/2024;Flu-0009/UNKNOWN/2023;Flu-0035/Esmeraldas/2023;Flu-0654/UNKNOWN/2024;concat:Flu-0653	flu2024	85.28	no
Flu-0653/UNKNOWN/2024	Flu-0653	PB2;PB1;PA;HA;NP;NA;MP;NS;concat	flu2024	flu2024:8			no						MP;NP;NS;PA;PB1;PB2	PB2:flu2024;PB1:flu2024;PA:flu2024;HA:flu2024;NP:flu2024;NA:flu2024;MP:flu2024;NS:flu2024;concat:flu2024	PB2:68.67;PB1:55.42;PA:24.78;HA:88.99;NP:26.44;NA:91.50;MP:69.73;NS:66.95;concat:85.28	PB2:0.011198;PB1:0.012294;PA:0.009588;HA:0.011235;NP:0.009328;NA:0.012128;MP:0.010255;NS:0.015526;concat:0.011153	PB2:Flu-0623/UNKNOWN/2024;PB1:Flu-0652/UNKNOWN/2024;PA:Flu-0630/UNKNOWN/2024;HA:Flu-0652/UNKNOWN/2024;NP:Flu-0654/UNKNOWN/2024;NA:Flu-0597/UNKNOWN/2024;Flu-0600/UNKNOWN/2024;MP:Flu-0736/UNKNOWN/2025;Flu-0738/UNKNOWN/2025;Flu-0316/Cotopaxi/2023;Flu-0740/UNKNOWN/2025;Flu-0321/UNKNOWN/2023;NS:Flu-0623/UNKNOWN/2024;concat:Flu-0652	flu2024	85.28	no
Flu-0654/UNKNOWN/2024	Flu-0654	PB2;PB1;PA;HA;NP;NA;MP;NS;concat	flu2024	flu2024:8			no						MP;NP;NS;PA;PB1;PB2	PB2:flu2024;PB1:flu2024;PA:flu2024;HA:flu2024;NP:flu2024;NA:flu2024;MP:flu2024;NS:flu2024;concat:flu2024	PB2:68.67;PB1:55.42;PA:24.78;HA:88.99;NP:26.44;NA:81.53;MP:64.31;NS:43.56;concat:85.28	PB2:0.011191;PB1:0.012290;PA:0.009587;HA:0.011235;NP:0.009328;NA:0.011400;MP:0.010254;NS:0.015529;concat:0.011153	PB2:Flu-0598/UNKNOWN/2024;Flu-0621/UNKNOWN/2024;Flu-0623/UNKNOWN/2024;Flu-0653/UNKNOWN/2024;Flu-0652/UNKNOWN/2024;PB1:Flu-0653/UNKNOWN/2024;Flu-0652/UNKNOWN/2024;Flu-0623/UNKNOWN/2024;Flu-0633/UNKNOWN/2024;Flu-0630/UNKNOWN/2024;PA:Flu-0630/UNKNOWN/2024;Flu-0653/UNKNOWN/2024;Flu-0623/UNKNOWN/2024;HA:Flu-0630/UNKNOWN/2024;Flu-0653/UNKNOWN/2024;Flu-0652/UNKNOWN/2024;NP:Flu-0653/UNKNOWN/2024;NA:Flu-0580/UNKNOWN/2024;Flu-0630/UNKNOWN/2024;Flu-0632/UNKNOWN/2024;Flu-0622/UNKNOWN/2024;Flu-0585/UNKNOWN/2024;MP:Flu-0639/UNKNOWN/2024;Flu-0614/UNKNOWN/2024;Flu-0610/UNKNOWN/2024;Flu-0641/UNKNOWN/2024;Flu-0027/SantaElena/2023;NS:Flu-0009/UNKNOWN/2023;Flu-0035/Esmeraldas/2023;concat:Flu-0653;Flu-0652	flu2024	85.28	no
Flu-0655/UNKNOWN/2024	Flu-0655	NP;MP;NS	flu2024	flu2024:3			no						MP;NP;NS	NP:flu2024;MP:flu2024;NS:flu2024	NP:26.44;MP:45.95;NS:26.86	NP:0.009255;MP:0.010254;NS:0.015529	NP:Flu-0653/UNKNOWN/2024;Flu-0654/UNKNOWN/2024;Flu-0652/UNKNOWN/2024;Flu-0636/UNKNOWN/2024;Flu-0642/UNKNOWN/2024;MP:Flu-0582/UNKNOWN/2024;NS:Flu-0633/UNKNOWN/2024;Flu-0597/UNKNOWN/2024;Flu-0009/UNKNOWN/2023;Flu-0035/Esmeraldas/2023;Flu-0654/UNKNOWN/2024			no
Flu-0656/UNKNOWN/2024	Flu-0656	NP;MP;NS	flu2024	flu2024:3			no						NP;NS	NP:flu2024;MP:flu2024;NS:flu2024	NP:26.44;MP:99.09;NS:43.56	NP:0.009255;MP:0.010230;NS:0.015530	NP:Flu-0653/UNKNOWN/2024;Flu-0654/UNKNOWN/2024;Flu-0652/UNKNOWN/2024;Flu-0636/UNKNOWN/2024;Flu-0642/UNKNOWN/2024;MP:Flu-0630/UNKNOWN/2024;Flu-0635/UNKNOWN/2024;Flu-0011/UNKNOWN/2023;Flu-0658/UNKNOWN/2024;Flu-0603/UNKNOWN/2024;NS:Flu-0009/UNKNOWN/2023;Flu-0035/Esmeraldas/2023;Flu-0654/UNKNOWN/2024			no
Flu-0658/UNKNOWN/2024	Flu-0658	PB2;PB1;PA;NP;NA;MP;NS	flu2024	flu2024:7			no						NA;NP;PA;PB2	PB2:flu2024;PB1:flu2024;PA:flu2024;NP:flu2024;NA:flu2024;MP:flu2024;NS:flu2024	PB2:43.42;PB1:99.88;PA:37.27;NP:17.17;NA:48.02;MP:82.10;NS:84.67	PB2:0.011188;PB1:0.011340;PA:0.009587;NP:0.009258;NA:0.011403;MP:0.010252;NS:0.015502	PB2:Flu-0407/Guayas/2023;Flu-0406/Guayas/2023;Flu-0402/Guayas/2023;LIM-QUIM006_PV290336.1__regional_context/Peru/2023;PB2_1_PP692232.1__regional_context/Peru/2023;PB1:Flu-0641/UNKNOWN/2024;Flu-0639/UNKNOWN/2024;Flu-0600/UNKNOWN/2024;Flu-0586/UNKNOWN/2024;Flu-0621/UNKNOWN/2024;PA:Flu-0318/UNKNOWN/2023;Flu-0317/Cotopaxi/2023;Flu-0316/Cotopaxi/2023;NP:Flu-0619/UNKNOWN/2024;NA:Flu-0318/UNKNOWN/2023;Flu-0314/Tungurahua/2023;Flu-0317/Cotopaxi/2023;Flu-0316/Cotopaxi/2023;Flu-0321/UNKNOWN/2023;MP:Flu-0011/UNKNOWN/2023;NS:Flu-0632/UNKNOWN/2024			no
Flu-0663/UNKNOWN/2024	Flu-0663	NP;MP;NS	flu2024	flu2024:3			no						NP;NS	NP:flu2024;MP:flu2024;NS:flu2024	NP:26.44;MP:91.99;NS:33.96	NP:0.009255;MP:0.010239;NS:0.015530	NP:Flu-0585/UNKNOWN/2024;Flu-0631/UNKNOWN/2024;Flu-0653/UNKNOWN/2024;Flu-0654/UNKNOWN/2024;Flu-0652/UNKNOWN/2024;MP:Flu-0635/UNKNOWN/2024;Flu-0011/UNKNOWN/2023;Flu-0658/UNKNOWN/2024;Flu-0603/UNKNOWN/2024;Flu-0621/UNKNOWN/2024;NS:Flu-0633/UNKNOWN/2024;Flu-0597/UNKNOWN/2024;Flu-0009/UNKNOWN/2023;Flu-0035/Esmeraldas/2023;Flu-0654/UNKNOWN/2024			no
Flu-0692/UNKNOWN/UNKNOWN	Flu-0692	NP;NA;MP;NS	pichincha0694	pichincha0694:4			no							NP:pichincha0694;NA:pichincha0694;MP:pichincha0694;NS:pichincha0694	NP:89.88;NA:89.26;MP:100.00;NS:86.13	NP:0.343135;NA:0.265554;MP:0.186884;NS:0.247014	NP:Flu-0694/UNKNOWN/UNKNOWN;NA:Flu-0711/UNKNOWN/2025;MP:Flu-0694/UNKNOWN/UNKNOWN;Flu-0716/Pichincha/2025;Flu-0712/UNKNOWN/2025;Flu-0713/Pichincha/2025;Flu-0714/Pichincha/2025;NS:Flu-0694/UNKNOWN/UNKNOWN			no
Flu-0693/UNKNOWN/UNKNOWN	Flu-0693	NP;MP;NS	pichincha0694	pichincha0694:3			no							NP:pichincha0694;MP:pichincha0694;NS:pichincha0694	NP:89.88;MP:100.00;NS:86.13	NP:0.343131;MP:0.186894;NS:0.247008	NP:Flu-0711/UNKNOWN/2025;Flu-0694/UNKNOWN/UNKNOWN;Flu-0692/UNKNOWN/UNKNOWN;MP:Flu-0694/UNKNOWN/UNKNOWN;Flu-0716/Pichincha/2025;Flu-0712/UNKNOWN/2025;Flu-0713/Pichincha/2025;Flu-0714/Pichincha/2025;NS:Flu-0694/UNKNOWN/UNKNOWN;Flu-0692/UNKNOWN/UNKNOWN;Flu-0711/UNKNOWN/2025;Flu-0714/Pichincha/2025			no
Flu-0711/UNKNOWN/2025	Flu-0711	NP;NA;MP;NS	pichincha0694	pichincha0694:4			no							NP:pichincha0694;NA:pichincha0694;MP:pichincha0694;NS:pichincha0694	NP:89.88;NA:89.26;MP:100.00;NS:86.13	NP:0.343134;NA:0.265555;MP:0.186890;NS:0.247012	NP:Flu-0694/UNKNOWN/UNKNOWN;Flu-0692/UNKNOWN/UNKNOWN;NA:Flu-0692/UNKNOWN/UNKNOWN;MP:Flu-0694/UNKNOWN/UNKNOWN;Flu-0716/Pichincha/2025;Flu-0712/UNKNOWN/2025;Flu-0713/Pichincha/2025;Flu-0714/Pichincha/2025;NS:Flu-0694/UNKNOWN/UNKNOWN;Flu-0692/UNKNOWN/UNKNOWN			no
Flu-0712/UNKNOWN/2025	Flu-0712	MP;NS	pichincha0694	pichincha0694:2			no							MP:pichincha0694;NS:pichincha0694	MP:100.00;NS:86.13	MP:0.186902;NS:0.247007	MP:Flu-0694/UNKNOWN/UNKNOWN;Flu-0716/Pichincha/2025;NS:Flu-0694/UNKNOWN/UNKNOWN;Flu-0692/UNKNOWN/UNKNOWN;Flu-0711/UNKNOWN/2025;Flu-0714/Pichincha/2025;Flu-0693/UNKNOWN/UNKNOWN			no
Flu-0713/Pichincha/2025	Flu-0713	MP	pichincha0694	pichincha0694:1			no							MP:pichincha0694	MP:100.00	MP:0.186900	MP:Flu-0694/UNKNOWN/UNKNOWN;Flu-0716/Pichincha/2025;Flu-0712/UNKNOWN/2025			no
Flu-0714/Pichincha/2025	Flu-0714	MP;NS	pichincha0694	pichincha0694:2			no							MP:pichincha0694;NS:pichincha0694	MP:100.00;NS:86.13	MP:0.186898;NS:0.247011	MP:Flu-0694/UNKNOWN/UNKNOWN;Flu-0716/Pichincha/2025;Flu-0712/UNKNOWN/2025;Flu-0713/Pichincha/2025;NS:Flu-0694/UNKNOWN/UNKNOWN;Flu-0692/UNKNOWN/UNKNOWN;Flu-0711/UNKNOWN/2025			no
Flu-0715/Pichincha/2025	Flu-0715	MP	pichincha0694	pichincha0694:1			no							MP:pichincha0694	MP:100.00	MP:0.186882	MP:Flu-0694/UNKNOWN/UNKNOWN;Flu-0716/Pichincha/2025;Flu-0712/UNKNOWN/2025;Flu-0713/Pichincha/2025;Flu-0714/Pichincha/2025			no
Flu-0716/Pichincha/2025	Flu-0716	MP	pichincha0694	pichincha0694:1			no							MP:pichincha0694	MP:100.00	MP:0.186904	MP:Flu-0694/UNKNOWN/UNKNOWN			no
Flu-0717/Pichincha/2025	Flu-0717	MP	pichincha0694	pichincha0694:1			no							MP:pichincha0694	MP:100.00	MP:0.186888	MP:Flu-0694/UNKNOWN/UNKNOWN;Flu-0716/Pichincha/2025;Flu-0712/UNKNOWN/2025;Flu-0713/Pichincha/2025;Flu-0714/Pichincha/2025			no
Flu-0735/UNKNOWN/2025	Flu-0735	NS	flu2024	flu2024:1			no						NS	NS:flu2024	NS:50.25	NS:0.015533	NS:Flu-0326/UNKNOWN/2023;Flu-0323/UNKNOWN/2023;Flu-0325/UNKNOWN/2023;Flu-0736/UNKNOWN/2025;Flu-0739/UNKNOWN/2025			no
Flu-0736/UNKNOWN/2025	Flu-0736	NP;MP;NS	flu2024	flu2024:3			no						NS	NP:flu2024;MP:flu2024;NS:flu2024	NP:94.58;MP:91.18;NS:50.25	NP:0.009324;MP:0.010258;NS:0.015533	NP:Flu-0737/UNKNOWN/2025;Flu-0739/UNKNOWN/2025;Flu-0317/Cotopaxi/2023;MP:Flu-0738/UNKNOWN/2025;Flu-0316/Cotopaxi/2023;Flu-0740/UNKNOWN/2025;Flu-0321/UNKNOWN/2023;Flu-0314/Tungurahua/2023;NS:Flu-0739/UNKNOWN/2025			no
Flu-0737/UNKNOWN/2025	Flu-0737	NP;MP;NS	flu2024	flu2024:3			no						NS	NP:flu2024;MP:flu2024;NS:flu2024	NP:94.58;MP:83.19;NS:50.25	NP:0.009324;MP:0.010258;NS:0.015533	NP:Flu-0739/UNKNOWN/2025;Flu-0317/Cotopaxi/2023;MP:Flu-0326/UNKNOWN/2023;Flu-0323/UNKNOWN/2023;Flu-0325/UNKNOWN/2023;NS:Flu-0326/UNKNOWN/2023;Flu-0323/UNKNOWN/2023;Flu-0325/UNKNOWN/2023;Flu-0736/UNKNOWN/2025;Flu-0739/UNKNOWN/2025			no
Flu-0738/UNKNOWN/2025	Flu-0738	MP;NS	flu2024	flu2024:2			no						NS	MP:flu2024;NS:flu2024	MP:83.19;NS:50.25	MP:0.010258;NS:0.015533	MP:Flu-0316/Cotopaxi/2023;Flu-0740/UNKNOWN/2025;Flu-0321/UNKNOWN/2023;Flu-0314/Tungurahua/2023;Flu-0741/UNKNOWN/2025;NS:Flu-0326/UNKNOWN/2023;Flu-0323/UNKNOWN/2023;Flu-0325/UNKNOWN/2023;Flu-0736/UNKNOWN/2025;Flu-0739/UNKNOWN/2025			no
Flu-0739/UNKNOWN/2025	Flu-0739	NP;MP;NS	flu2024	flu2024:3			no						NS	NP:flu2024;MP:flu2024;NS:flu2024	NP:94.58;MP:83.19;NS:50.25	NP:0.009324;MP:0.010258;NS:0.015533	NP:Flu-0317/Cotopaxi/2023;MP:Flu-0738/UNKNOWN/2025;Flu-0316/Cotopaxi/2023;Flu-0740/UNKNOWN/2025;Flu-0321/UNKNOWN/2023;Flu-0314/Tungurahua/2023;NS:Flu-0736/UNKNOWN/2025			no
Flu-0740/UNKNOWN/2025	Flu-0740	MP	flu2024	flu2024:1			no							MP:flu2024	MP:83.19	MP:0.010258	MP:Flu-0316/Cotopaxi/2023			no
Flu-0741/UNKNOWN/2025	Flu-0741	MP;NS	flu2024	flu2024:2			no							MP:flu2024;NS:flu2024	MP:83.19;NS:83.41	MP:0.010258;NS:0.015533	MP:Flu-0317/Cotopaxi/2023;Flu-0737/UNKNOWN/2025;Flu-0326/UNKNOWN/2023;Flu-0323/UNKNOWN/2023;Flu-0325/UNKNOWN/2023;NS:Flu-0326/UNKNOWN/2023;Flu-0323/UNKNOWN/2023;Flu-0325/UNKNOWN/2023;Flu-0736/UNKNOWN/2025;Flu-0739/UNKNOWN/2025			no
Flu-0742/UNKNOWN/2025	Flu-0742	NP;MP;NS	flu2024	flu2024:3			no						NS	NP:flu2024;MP:flu2024;NS:flu2024	NP:94.58;MP:73.28;NS:50.25	NP:0.009325;MP:0.010256;NS:0.015533	NP:Flu-0326/UNKNOWN/2023;Flu-0325/UNKNOWN/2023;MP:Flu-0629/UNKNOWN/2024;NS:Flu-0326/UNKNOWN/2023;Flu-0323/UNKNOWN/2023;Flu-0325/UNKNOWN/2023;Flu-0736/UNKNOWN/2025;Flu-0739/UNKNOWN/2025			no
